url	title	macro_area	indirizzo	keyword_ristorante	orario_apertura	ranking	total_ranking
https://deliveroo.it/menu/milano/tortona/ristorante-hazama-milano?day=today&geohash=u0nd8be8xnqv&time=ASAP	Ristorante Hazama	Tortona	Via Savona, 41, Milano, 20144	['Giapponese']	Aperti fino alle 21:30	5	20 
https://deliveroo.it/menu/milano/porta-romana/bar-deste?day=today&geohash=u0nd8be8xnqv&time=ASAP	Bar D’Este	Porta Romana	Via Alfredo Oriani, 2, Milano, 20122	['Italiano', 'Sandwich', 'Insalate', 'Piadina']	Aperti fino alle 15:00	4.9	12 
https://deliveroo.it/menu/milano/missori/panarello-piazza-san-nazaro?day=today&geohash=u0nd8be8xnqv&time=ASAP	Panarello	Missori	Piazza San Nazaro in Brolo, 15, Milano, 20122	['Dessert']	Aperti fino alle 18:45	4.8	50+ 
https://deliveroo.it/menu/milano/medaglie-doro/giannasi-dal-1967?day=today&geohash=u0nd8be8xnqv&time=ASAP	Giannasi Dal 1967	Medaglie d'oro	Piazza Bruno Buozzi 2, Milano, 20135	['Italiano', 'Pollo', 'Vegetariano']	Aperti fino alle 20:00	4.7	50+ 
https://deliveroo.it/menu/milano/bocconi/mint-cafe?day=today&geohash=u0nd8be8xnqv&time=ASAP	MINT cafe Japanese Bowls&Noodles	Bocconi	Viale Bligny 15, Milano, 20136	['Giapponese', 'Noodles', 'Healthy']	Aperti fino alle 23:00	4.7	50+ 
https://deliveroo.it/menu/milano/ticinese/gelateria-la-romana-milano?day=today&geohash=u0nd8be8xnqv&time=ASAP	Gelateria La Romana	Ticinese	Viale Col di Lana 2, Milano, 20136	['Italiano', 'Dessert', 'Gelato']	Aperti fino alle 23:00	4.7	50+ 
https://deliveroo.it/menu/milano/santambrogio/oasi-del-gelato?day=today&geohash=u0nd8be8xnqv&time=ASAP	Oasi del gelato	Sant'Ambrogio	Via dei Fabbri 26, Milano, 20123	['Italiano', 'Gelato', 'Dessert']	Aperti fino alle 23:59	4.7	50+ 
https://deliveroo.it/menu/milano/colonne-di-san-lorenzo/king-of-salads?day=today&geohash=u0nd8be8xnqv&time=ASAP	Green Day - Natural food and bar	Colonne di San Lorenzo	Via San Vito 26, Milano, 20123	['Italiano', 'Vegetariano', 'Insalate', 'Healthy']	Aperti fino alle 16:00	4.7	50+ 
https://deliveroo.it/menu/milano/tortona/gusto-17-navigli?day=today&geohash=u0nd8be8xnqv&time=ASAP	Gusto 17	Tortona	Via Savona 17, Milano, 20144	['Italiano', 'Dessert', 'Gelato']	Aperti fino alle 23:30	4.7	50+ 
https://deliveroo.it/menu/milano/missori/gastronomia-yamamoto?day=today&geohash=u0nd8be8xnqv&time=ASAP	Gastronomia Yamamoto	Missori	Via Amedei, 5, angolo Via Fieno, Milano, 20123	['Giapponese', 'Curry']	Aperti fino alle 21:30	4.7	50+ 
https://deliveroo.it/menu/milano/magenta/chocolat-via-boccaccio?day=today&geohash=u0nd8be8xnqv&time=ASAP	Chocolat Milano	Magenta	Via Boccaccio 9,, Milano, 20123	['Gelato', 'Italiano']	Aperti fino alle 23:30	4.7	50+ 
https://deliveroo.it/menu/milano/guastalla/coll-bubble-tea-and-coffee?day=today&geohash=u0nd8be8xnqv&time=ASAP	Coll Bubble Tea & Coffee	Guastalla	Corso di Porta Vittoria 58, Milano, 20122	['Bubble Tea', 'Asiatico']	Aperti fino alle 19:30	4.7	50+ 
https://deliveroo.it/menu/milano/bocconi/ben-and-jerrys-porta-romana?day=today&geohash=u0nd8be8xnqv&time=ASAP	Ben & Jerry's	Bocconi	Viale Bligny 36, Milano, 20136	['Italiano', 'Gelato', 'Gelato Italiano']	Aperti fino alle 14:30	4.7	50+ 
https://deliveroo.it/menu/milano/porta-romana/haagen-dazs-bligny?day=today&geohash=u0nd8be8xnqv&time=ASAP	Häagen-Dazs	Porta Romana	Viale Bligny 43,, Milano, 20136	['Italiano', 'Gelato']	Aperti fino alle 23:00	4.7	47 
https://deliveroo.it/menu/milano/de-angeli-ravizza/ziva-pasticceria?day=today&geohash=u0nd8be8xnqv&time=ASAP	Ziva Pasticceria	De Angeli - Ravizza	Via Federico Faruffini, 2, Milano, 20149	['Dessert', 'Italiano', 'Colazione']	Aperti fino alle 19:30	4.7	50+ 
https://deliveroo.it/menu/milano/bocconi/la-piadineria-bocconi?day=today&geohash=u0nd8be8xnqv&time=ASAP	La Piadineria	Bocconi	Viale Bligny, 26, Milano, 20126	['Italiano', 'Piadina']	Aperti fino alle 21:00	4.6	50+ 
https://deliveroo.it/menu/milano/ticinese/ichi-station-viale-col-di-lana?day=today&geohash=u0nd8be8xnqv&time=ASAP	Ichi Station	Ticinese	Viale Col di Lana 3, Milano, 20136	['Sushi', 'Giapponese']	Aperti fino alle 22:20	4.6	50+ 
https://deliveroo.it/menu/milano/darsena/panino-giusto-xxiv-maggio0808?day=today&geohash=u0nd8be8xnqv&time=ASAP	Panino Giusto	Darsena	Piazza XXIV Maggio 4, Milano, 20100	['Italiano', 'Sandwich', 'Insalate']	Aperti fino alle 23:59	4.6	50+ 
https://deliveroo.it/menu/milano/tortona/omacase-sushiteca?day=today&geohash=u0nd8be8xnqv&time=ASAP	Sushiteca O.ma.ca.sè	Tortona	Corso C. Colombo 1, Milano, 20144	['Sushi', 'Giapponese']	Aperti fino alle 21:30	4.6	50+ 
https://deliveroo.it/menu/milano/missori/starbucks-porta-romana?day=today&geohash=u0nd8be8xnqv&time=ASAP	Starbucks	Missori	Via Lentasio, 1, Milano, 20122	['Americano', 'Caffè', 'Smoothie', 'Bakery']	Aperti fino alle 18:30	4.6	50+ 
https://deliveroo.it/menu/milano/bocconi/delicious-bao-bing?day=today&geohash=u0nd8be8xnqv&time=ASAP	Delicious Bao Bing	Bocconi	Viale Bligny 26, Milano, 20136	['Cinese', 'Dim Sum', 'Pasta']	Aperti fino alle 22:30	4.6	50+ 
https://deliveroo.it/menu/milano/navigli/gelateria-orso-bianco?day=today&geohash=u0nd8be8xnqv&time=ASAP	Gelateria Orso Bianco	Navigli	Via Casale, 7, Milano, 20144	['Italiano', 'Dessert', 'Gelato']	Aperti fino alle 23:59	4.6	50+ 
https://deliveroo.it/menu/milano/darsena/frankies-ticinese?day=today&geohash=u0nd8be8xnqv&time=ASAP	Frankie's	Darsena	Corso di Porta Ticinese 89, Milano, 20123	['Sandwich', 'Insalate', 'Healthy', 'Italiano']	Aperti fino alle 19:00	4.6	50+ 
https://deliveroo.it/menu/milano/tortona/little-fish-poke-bowl?day=today&geohash=u0nd8be8xnqv&time=ASAP	Little Fish poke bowl	Tortona	Corso Cristoforo Colombo 3, Milano, 20144	['Sushi', 'Poke', 'Giapponese', 'Hawaiano']	Aperti fino alle 22:15	4.6	50+ 
https://deliveroo.it/menu/milano/bocconi/tsuru-sushi-allosteria?day=today&geohash=u0nd8be8xnqv&time=ASAP	Tsuru - Sushi All'Osteria	Bocconi	Via Giuseppe Lagrange, 13, Milano, 20136	['Sushi', 'Giapponese']	Aperti fino alle 23:00	4.6	50+ 
https://deliveroo.it/menu/milano/porta-romana/bar-quadronno?day=today&geohash=u0nd8be8xnqv&time=ASAP	Bar Quadronno	Porta Romana	Via Quadronno 34,, Milano, 20122	['Italiano', 'Sandwich', 'Vino']	Aperti fino alle 23:59	4.6	50+ 
https://deliveroo.it/menu/milano/de-angeli-ravizza/gelateria-rigoletto-piazza-po?day=today&geohash=u0nd8be8xnqv&time=ASAP	Gelateria Rigoletto	De Angeli - Ravizza	Piazza Po 10, Milano, 20144	['Italiano', 'Dessert', 'Gelato']	Aperti fino alle 22:00	4.6	50+ 
https://deliveroo.it/menu/milano/de-angeli-ravizza/carmen-gelato-ravizza?day=today&geohash=u0nd8be8xnqv&time=ASAP	Carmen Gelato	De Angeli - Ravizza	Via Ravizza 3, Milano, 20149	['Italiano', 'Dessert', 'Gelato', 'Vegano', 'Senza Glutine']	Aperti fino alle 01:00	4.6	50+ 
https://deliveroo.it/menu/milano/porta-romana/antica-pizzeria-fiorentina?day=today&geohash=u0nd8be8xnqv&time=ASAP	Antica Pizzeria Fiorentina	Porta Romana	Viale Bligny, 41, Milano, 20136	['Pizza', 'Italiano']	Aperti fino alle 23:00	4.6	50+ 
https://deliveroo.it/menu/milano/cinque-giornate/grhouse?day=today&geohash=u0nd8be8xnqv&time=ASAP	Grouse	Cinque Giornate	Viale Montenero 34, Milano, 20135	['Pollo', 'Sandwich', 'Italiano']	Aperti fino alle 22:59	4.6	50+ 
https://deliveroo.it/menu/milano/magenta/pizzeria-da-gino?day=today&geohash=u0nd8be8xnqv&time=ASAP	Pizzeria da Gino dal 1969	Magenta	Corso Vercelli 9, Milano, 20144	['Pizza', 'Italiano']	Aperti fino alle 20:30	4.6	50+ 
https://deliveroo.it/menu/milano/santambrogio/ravioleria-hui-hui?day=today&geohash=u0nd8be8xnqv&time=ASAP	Ravioleria Hui Hui	Sant'Ambrogio	Via Cesare Correnti 21, Milano, 20123	['Cinese', 'Dim Sum']	Aperti fino alle 21:45	4.6	50+ 
https://deliveroo.it/menu/milano/tortona/prima-comfort-food-and-bar?day=today&geohash=u0nd8be8xnqv&time=ASAP	Prima - Comfort Food & Bar	Tortona	Via Casale 7, Milano, 20144	['Italiano', 'Pizza']	Aperti fino alle 22:30	4.6	50+ 
https://deliveroo.it/menu/milano/navigli/aktar-drink-milano?day=today&geohash=u0nd8be8xnqv&time=ASAP	Aktar Milano	Navigli	Via Carlo d'Adda 13, Milano, 20143	['Italiano', 'Spesa', 'Bevande']	Aperti fino alle 23:59	4.6	50+ 
https://deliveroo.it/menu/milano/colonne-di-san-lorenzo/frankly-bubble-tea-and-coffee-colonne-di-san-lorenzo?day=today&geohash=u0nd8be8xnqv&time=ASAP	Frankly Bubble Tea & Coffee	Colonne di San Lorenzo	Via Torino 77, Milano, 20123	['Italiano', 'Bubble Tea', 'Bevande']	Aperti fino alle 23:00	4.6	50+ 
https://deliveroo.it/menu/milano/tortona/okja?day=today&geohash=u0nd8be8xnqv&time=ASAP	Okja	Tortona	Viale Gorizia 8, Milano, 20144	['Coreano', 'Noodles', 'Ravioli Cinesi']	Aperti fino alle 22:00	4.6	50+ 
https://deliveroo.it/menu/milano/colonne-di-san-lorenzo/moving-fruit-bar-nature-health-and-fun?day=today&geohash=u0nd8be8xnqv&time=ASAP	Moving Fruit Bar - Nature, Health & Fun!	Colonne di San Lorenzo	Via San Vito 26, Milano, 20123	['Italiano', 'Succhi', 'Vegetariano', 'Insalate', 'Biologico', 'Healthy']	Aperti fino alle 21:00	4.6	50+ 
https://deliveroo.it/menu/milano/medaglie-doro/fior-di-ponti-bakeryecafe?day=today&geohash=u0nd8be8xnqv&time=ASAP	Fiordiponti - Bakery & Cafè	Medaglie d'oro	Viale Monte Nero 5, Milano, 20135	['Italiano']	Aperti fino alle 20:30	4.6	50+ 
https://deliveroo.it/menu/milano/bocconi/minibar-milano-viale-bligny?day=today&geohash=u0nd8be8xnqv&time=ASAP	Minibar Milano	Bocconi	Viale Bligny 36, Milano, 20136	['Italiano', 'Alcol']	Aperti fino alle 23:45	4.6	50+ 
https://deliveroo.it/menu/milano/ripamonti/crean-garden?day=today&geohash=u0nd8be8xnqv&time=ASAP	Cream garden	Ripamonti	Via Quaranta 3, Milano, 20141	['Italiano', 'Dessert', 'Gelato']	Aperti fino alle 22:00	4.6	50+ 
https://deliveroo.it/menu/milano/ticinese/pokeria-by-nima-corso-san-gottardo?day=today&geohash=u0nd8be8xnqv&time=ASAP	Pokèria by NIMA	Ticinese	Corso San Gottardo 14, Milano, 20136	['Sushi', 'Hawaiano', 'Poke', 'Healthy']	Aperti fino alle 23:00	4.5	50+ 
https://deliveroo.it/menu/milano/navigli/poke-house-milano?day=today&geohash=u0nd8be8xnqv&time=ASAP	Poke House	Navigli	Via Pasquale Paoli 3, Milano, 20143	['Poke', 'Hawaiano', 'Sushi', 'Healthy']	Aperti fino alle 22:30	4.5	50+ 
https://deliveroo.it/menu/milano/tortona/cera-una-volta-una-piada-conte-vincenzo?day=today&geohash=u0nd8be8xnqv&time=ASAP	C'era una volta una Piada	Tortona	Viale Coni Zugna 37, Milano, 20142	['Italiano', 'Piadina']	Aperti fino alle 23:00	4.5	50+ 
https://deliveroo.it/menu/milano/medaglie-doro/al-noor?day=today&geohash=u0nd8be8xnqv&time=ASAP	Al Noor Ristorante Indiano	Medaglie d'oro	Via Giuseppe Ripamonti 15, Milano, 20135	['Pollo', 'Curry', 'Indiano']	Aperti fino alle 22:50	4.5	50+ 
https://deliveroo.it/menu/milano/porta-romana/bianca-zerozero-milano?day=today&geohash=u0nd8be8xnqv&time=ASAP	BIANCAZEROZERO - Milano	Porta Romana	corso di Porta Vigentina 31, Milano, 20122	['Pizza', 'Italiano']	Aperti fino alle 22:00	4.5	50+ 
https://deliveroo.it/menu/milano/ticinese/macha-viale-col-di-lana?day=today&geohash=u0nd8be8xnqv&time=ASAP	MACHA	Ticinese	Viale Col di Lana 5, Milano, 20136	['Sushi', 'Giapponese', 'Poke']	Aperti fino alle 22:15	4.5	50+ 
https://deliveroo.it/menu/milano/risorgimento/rosticceria-giacomo?day=today&geohash=u0nd8be8xnqv&time=ASAP	Rosticceria Giacomo	Risorgimento	Via Pasquale Sottocorno 46, Milano, 20129	['Italiano']	Aperti fino alle 23:00	4.5	50+ 
https://deliveroo.it/menu/milano/ticinese/my-salad-san-gottardo?day=today&geohash=u0nd8be8xnqv&time=ASAP	MY SALAD	Ticinese	Corso San Gottardo 14, Milano, 20136	['Italiano', 'Insalate']	Aperti fino alle 23:00	4.5	50+ 
https://deliveroo.it/menu/milano/tortona/i-love-poke-tortona0101?day=today&geohash=u0nd8be8xnqv&time=ASAP	I Love Poke	Tortona	Via Tortona 20, Milano, 20144	['Giapponese', 'Hawaiano', 'Poke']	Aperti fino alle 22:45	4.5	50+ 
https://deliveroo.it/menu/milano/giambellino/cremeria-rossi?day=today&geohash=u0nd8be8xnqv&time=ASAP	Premiata Cremeria Rossi	Giambellino	Piazza Bolivar 7, Milano, 20146	['Italiano', 'Dessert', 'Gelato']	Aperti fino alle 23:59	4.5	50+ 
https://deliveroo.it/menu/milano/tortona/amuni-pizzeria-e-trattoria-sicula?day=today&geohash=u0nd8be8xnqv&time=ASAP	Amunì - Pizzeria E Trattoria Sicula	Tortona	Via Solari, 7,, Milano, 20144	['Pizza', 'Italiano']	Aperti fino alle 22:45	4.5	50+ 
https://deliveroo.it/menu/milano/ticinese/chihuahua-tacos-milano?day=today&geohash=u0nd8be8xnqv&time=ASAP	Chihuahua Tacos	Ticinese	Via Coldilana 1, Milano, 20136	['Messicano', 'Tacos', 'Burrito', 'Senza Glutine']	Aperti fino alle 22:30	4.5	50+ 
https://deliveroo.it/menu/milano/magenta/rosticceria-galli?day=today&geohash=u0nd8be8xnqv&time=ASAP	Rosticceria Galli	Magenta	Corso Vercelli 8, Milano, 20145	['Italiano', 'Pollo', 'Pasta']	Aperti fino alle 20:15	4.5	50+ 
https://deliveroo.it/menu/milano/darsena/grom-il-gelato-come-una-volta-cso-di-porta-ticinese?day=today&geohash=u0nd8be8xnqv&time=ASAP	GROM	Darsena	Corso di Porta Ticinese 51, Milano, 20123	['Italiano', 'Dessert', 'Senza Glutine', 'Gelato']	Aperti fino alle 23:45	4.5	50+ 
https://deliveroo.it/menu/milano/darsena/berbere-pizzeria-colonne?day=today&geohash=u0nd8be8xnqv&time=ASAP	BERBERE’ PIZZERIA	Darsena	Corso di Porta Ticinese, 1, Milano, 20123	['Pizza', 'Italiano']	Aperti fino alle 23:00	4.5	50+ 
https://deliveroo.it/menu/milano/ticinese/sushi-koboo?day=today&geohash=u0nd8be8xnqv&time=ASAP	Sushi Kòboo	Ticinese	Viale Col di Lana 1, Milano, 20136	['Giapponese']	Aperti fino alle 23:00	4.5	50+ 
https://deliveroo.it/menu/milano/pagano/thats-vapore-buonarroti?day=today&geohash=u0nd8be8xnqv&time=ASAP	That's Vapore	Pagano	Via Michelangelo Buonarroti 3, Milano, 20145	['Healthy', 'Poke', 'Insalate']	Aperti fino alle 22:30	4.5	50+ 
https://deliveroo.it/menu/milano/navigli/cioccolatitaliani-navigli?day=today&geohash=u0nd8be8xnqv&time=ASAP	CioccolatItaliani	Navigli	Via Alzaia Naviglio Grande 44, Milano, 20123	['Italiano', 'Dessert', 'Gelato']	Aperti fino alle 01:00	4.5	50+ 
https://deliveroo.it/menu/milano/bocconi/la-pasta-di-nonna-rosa-viale-bligny?day=today&geohash=u0nd8be8xnqv&time=ASAP	La Pasta di Nonna Rosa	Bocconi	Viale Bligny 36, Milano, 20136	['Italiano', 'Insalate', 'Pasta']	Aperti fino alle 23:45	4.5	50+ 
https://deliveroo.it/menu/milano/ripamonti/dominos-pizza-tibaldi?day=today&geohash=u0nd8be8xnqv&time=ASAP	Domino's Pizza	Ripamonti	Viale Tibaldi 2, Milano, 20136	['Italiano', 'Pizza']	Aperti fino alle 23:00	4.5	50+ 
https://deliveroo.it/menu/milano/ripamonti/cik-fried-chicken?day=today&geohash=u0nd8be8xnqv&time=ASAP	CIK Fried Chicken	Ripamonti	Via Lodovico Montegani 1, Milano, 20141	['Hamburger', 'Americano', 'Pollo']	Aperti fino alle 23:00	4.5	50+ 
https://deliveroo.it/menu/milano/tortona/pasticceria-clivati0101?day=today&geohash=u0nd8be8xnqv&time=ASAP	Pasticceria Clivati	Tortona	Viale Coni Zugna 57, Milano, 20144	['Italiano', 'Gelato', 'Dessert']	Aperti fino alle 23:50	4.5	50+ 
https://deliveroo.it/menu/milano/missori/nima-sushi-uramakeria-duomo?day=today&geohash=u0nd8be8xnqv&time=ASAP	Nima Sushi - Uramakeria	Missori	Via Albricci, 8, Milano, 20122	['Sushi', 'Giapponese']	Aperti fino alle 22:15	4.5	50+ 
https://deliveroo.it/menu/milano/san-vittore/la-birreria-italiana-milano-darsena?day=today&geohash=u0nd8be8xnqv&time=ASAP	La Birreria Italiana	San Vittore	Piazzale Cantore, 4, Milano, 20123	['Italiano', 'Sandwich', 'Hamburger', 'Insalate']	Aperti fino alle 23:59	4.5	50+ 
https://deliveroo.it/menu/milano/darsena/california-bakery-piazza-santeustorgio-4?day=today&geohash=u0nd8be8xnqv&time=ASAP	California Bakery	Darsena	Piazza Sant'Eustorgio 4, Milano, 20122	['Americano', 'Hamburger']	Aperti fino alle 22:00	4.5	50+ 
https://deliveroo.it/menu/milano/medaglie-doro/kommen-thai?day=today&geohash=u0nd8be8xnqv&time=ASAP	Komenn Thai	Medaglie d'oro	Via Lazzaro Papi, 5, Milano, 20135	['Thailandese', 'Asiatico']	Aperti fino alle 23:00	4.5	50+ 
https://deliveroo.it/menu/milano/san-vittore/pasticceria-viscontea?day=today&geohash=u0nd8be8xnqv&time=ASAP	Pasticceria Viscontea	San Vittore	Via De Amicis 39, Milano, 20123	['Dessert', 'Italiano', 'Colazione', 'Sandwich']	Aperti fino alle 19:30	4.5	50+ 
https://deliveroo.it/menu/milano/bocconi/insalateria-milano-viale-bligny?day=today&geohash=u0nd8be8xnqv&time=ASAP	Insalateria Milano	Bocconi	Viale Bligny 36, Milano, 20136	['Italiano', 'Insalate']	Aperti fino alle 23:45	4.5	50+ 
https://deliveroo.it/menu/milano/ticinese/melissa-minimarket?day=today&geohash=u0nd8be8xnqv&time=ASAP	Melissa Minimarket	Ticinese	Viale Gian Galeazzo 11, Milano, 20136	['Italiano', 'Alcol', 'Spesa']	Aperti fino alle 23:59	4.5	50+ 
https://deliveroo.it/menu/milano/colonne-di-san-lorenzo/wok-on-the-go?day=today&geohash=u0nd8be8xnqv&time=ASAP	Wok On The Go	Colonne di San Lorenzo	Corso di Porta Ticinese ang. via urbano III, Milano, 20123	['Asiatico']	Aperti fino alle 22:30	4.5	50+ 
https://deliveroo.it/menu/milano/bocconi/viva-nachos-milano-viale-bligny?day=today&geohash=u0nd8be8xnqv&time=ASAP	Viva Nachos	Bocconi	Viale Bligny 36, Milano, 20136	['Burrito', 'Messicano', 'Tacos']	Aperti fino alle 23:45	4.5	50+ 
https://deliveroo.it/menu/milano/navigli/pigato-clubhouse-sandwich-and-fine-drinks?day=today&geohash=u0nd8be8xnqv&time=ASAP	Pigato - Clubhouse Sandwich and fine drinks	Navigli	Ripa di Porta Ticinese 45, Milano, 20143	['Sandwich']	Aperti fino alle 17:00	4.5	50+ 
https://deliveroo.it/menu/milano/giambellino/gelato-zero?day=today&geohash=u0nd8be8xnqv&time=ASAP	Gelato Zero - SENZA ZUCCHERO E SENZA LATTE	Giambellino	Piazza Bolivar 7, Milano, 20146	['Italiano', 'Gelato']	Aperti fino alle 23:59	4.5	50+ 
https://deliveroo.it/menu/milano/bocconi/grom-bligny?day=today&geohash=u0nd8be8xnqv&time=ASAP	GROM Express	Bocconi	Viale Bligny 36, Milano, 20136	['Gelato', 'Italiano', 'Dessert', 'Senza Glutine']	Aperti fino alle 23:45	4.5	50+ 
https://deliveroo.it/menu/milano/santambrogio/maui-milano?day=today&geohash=u0nd8be8xnqv&time=ASAP	Maui Poke	Sant'Ambrogio	Via S. Vittore Al Teatro, 3, Milano, 20123	['Hawaiano', 'Poke']	Aperti fino alle 22:30	4.5	50+ 
https://deliveroo.it/menu/milano/medaglie-doro/polleria-milano-20?day=today&geohash=u0nd8be8xnqv&time=ASAP	Polleria Milano 2.0	Medaglie d'oro	Via Crema 16, Milano, 20135	['Italiano', 'Pollo']	Aperti fino alle 23:30	4.5	50+ 
https://deliveroo.it/menu/milano/de-angeli-ravizza/sushi-hama?day=today&geohash=u0nd8be8xnqv&time=ASAP	Sushi Hama	De Angeli - Ravizza	Via Raffaello Sanzio 4, Milano, 20149	['Sushi', 'Giapponese']	Aperti fino alle 23:00	4.5	50+ 
https://deliveroo.it/menu/milano/lorenteggio/petit-paradis?day=today&geohash=u0nd8be8xnqv&time=ASAP	Petit Paradis	Lorenteggio	Via Fezzan 3, Milano, 20146	['Pizza', 'Italiano', 'Senza Glutine']	Aperti fino alle 22:30	4.5	50+ 
https://deliveroo.it/menu/milano/de-angeli-ravizza/cremeria-buonarroti?day=today&geohash=u0nd8be8xnqv&time=ASAP	Cremeria Buonarroti	De Angeli - Ravizza	Via Buonarroti 9, Milano, 20149	['Italiano', 'Dessert']	Aperti fino alle 16:45	4.5	50+ 
https://deliveroo.it/menu/milano/tortona/panino-lab-tortona?day=today&geohash=u0nd8be8xnqv&time=ASAP	Panino Lab - Tortona	Tortona	Via Montevideo 8, Milano, 20144	['Italiano', 'Sandwich', 'Vegano']	Aperti fino alle 23:00	4.5	50+ 
https://deliveroo.it/menu/milano/navigli/ai-balestrari-sul-naviglio-pavese?day=today&geohash=u0nd8be8xnqv&time=ASAP	Ai Balestrari	Navigli	Via Ascanio Sforza 13, Milano, 20123	['Italiano', 'Pasta', 'Pizza']	Aperti fino alle 22:30	4.5	50+ 
https://deliveroo.it/menu/milano/darsena/paninolab-colonne?day=today&geohash=u0nd8be8xnqv&time=ASAP	Paninolab colonne	Darsena	Corso di Porta Ticinese, 59, Milano, 20123	['Italiano', 'Sandwich', 'Hamburger']	Aperti fino alle 23:59	4.5	50+ 
https://deliveroo.it/menu/milano/tortona/ristorante-pizzeria-teresa-e-patrizia?day=today&geohash=u0nd8be8xnqv&time=ASAP	Ristorante Pizzeria Teresa e Patrizia	Tortona	Via Vigevano, 14,, Milano, 20144	['Italiano', 'Pasta', 'Pizza']	Aperti fino alle 23:00	4.5	50+ 
https://deliveroo.it/menu/milano/ticinese/kate-away-milano?day=today&geohash=u0nd8be8xnqv&time=ASAP	Kate Away	Ticinese	Corso San Gottardo 29, Milano, 20136	['Italiano', 'Sandwich', 'Colazione']	Aperti fino alle 19:00	4.5	50+ 
https://deliveroo.it/menu/milano/missori/gelateria-di-porta-romana-52?day=today&geohash=u0nd8be8xnqv&time=ASAP	Gelateria Porta Romana	Missori	Corso di Porta Romana 52, Milano, 20122	['Italiano', 'Dessert', 'Gelato']	Aperti fino alle 20:00	4.5	50+ 
https://deliveroo.it/menu/milano/tortona/gelati-clivati?day=today&geohash=u0nd8be8xnqv&time=ASAP	Gelati Clivati	Tortona	Viale Coni Zugna 57,, Milano, 20144	['Italiano', 'Gelato', 'Dessert']	Aperti fino alle 22:00	4.5	32 
https://deliveroo.it/menu/milano/magenta/venchi-cadorna?day=today&geohash=u0nd8be8xnqv&time=ASAP	Venchi	Magenta	Via Boccaccio 2, Milano, 20125	['Italiano', 'Dessert', 'Gelato']	Aperti fino alle 20:00	4.5	50+ 
https://deliveroo.it/menu/milano/de-angeli-ravizza/district47?day=today&geohash=u0nd8be8xnqv&time=ASAP	District47	De Angeli - Ravizza	Via Marghera 47, Milano, 20149	['Italiano', 'Succhi', 'Vegetariano', 'Insalate']	Aperti fino alle 15:00	4.5	50+ 
https://deliveroo.it/menu/milano/ticinese/san-gottardo-pizza-kebap?day=today&geohash=u0nd8be8xnqv&time=ASAP	San Gottardo Pizza Kebap	Ticinese	San Gottardo 15,, Milano, 20136	['Pizza', 'Italiano', 'Kebab']	Aperti fino alle 23:59	4.5	14 
https://deliveroo.it/menu/milano/porta-monforte/kona-milano?day=today&geohash=u0nd8be8xnqv&time=ASAP	Kona poke	Porta Monforte	Corso Porta Vittoria 49, Milano, 20122	['Vegetariano', 'Poke', 'Healthy']	Aperti fino alle 22:00	4.5	50+ 
https://deliveroo.it/menu/milano/de-angeli-ravizza/itinerario?day=today&geohash=u0nd8be8xnqv&time=ASAP	Itinerario	De Angeli - Ravizza	Via Luigi Sacco, 3, Milano, 20146	['Spagnolo', 'Bistecche', 'Tapas']	Aperti fino alle 23:00	4.5	50+ 
https://deliveroo.it/menu/milano/navigli/arepaz-ristostante-venezuelano?day=today&geohash=u0nd8be8xnqv&time=ASAP	Arepa'z - ristorante venezuelano	Navigli	Viale Cassala 9 angolo Via Luigi Sala 18, Milano, 20143	['Latinoamericano']	Aperti fino alle 23:00	4.5	50+ 
https://deliveroo.it/menu/milano/barona/biscottino-caffe?day=today&geohash=u0nd8be8xnqv&time=ASAP	Biscottino Caffè	Barona	Via Spezia, 2, Milano, 20142	['Italiano', 'Sandwich', 'Piadina']	Aperti fino alle 15:00	4.5	50+ 
https://deliveroo.it/menu/milano/medaglie-doro/dhole-milano?day=today&geohash=u0nd8be8xnqv&time=ASAP	Dhole Milano	Medaglie d'oro	Via Gerolamo Tiraboschi, 2, Milano, 20135	['Italiano', 'Hamburger', 'Alcol', 'Poke']	Aperti fino alle 23:59	4.5	13 
https://deliveroo.it/menu/milano/cinque-giornate/cacio-and-pepe-bottega-romana-via-anfossi?day=today&geohash=u0nd8be8xnqv&time=ASAP	Cacio & Pepe Bottega Romana	Cinque Giornate	Via Augusto Anfossi 2, Milano, 20135	['Italiano', 'Pasta']	Aperti fino alle 22:00	4.5	10 
https://deliveroo.it/menu/milano/magenta/cannolino?day=today&geohash=u0nd8be8xnqv&time=ASAP	Vasoo #mangiareitaliano	Magenta	Largo V Alpini 2, Milano, 20144	['Italiano']	Aperti fino alle 21:00	4.5	50+ 
https://deliveroo.it/menu/milano/ticinese/giragirarrosto?day=today&geohash=u0nd8be8xnqv&time=ASAP	Giragirarrosto by Delivery Valley	Ticinese	Via Col Di Lana, 8, Milano, 20136	['Italiano', 'Pollo']	Aperti fino alle 23:00	4.4	50+ 
https://deliveroo.it/menu/milano/colonne-di-san-lorenzo/burgez-colonne-san-lorenzo?day=today&geohash=u0nd8be8xnqv&time=ASAP	Burgez	Colonne di San Lorenzo	Corso di Porta Ticinese 14, Milano, 20124	['Americano', 'Hamburger']	Aperti fino alle 23:59	4.4	50+ 
https://deliveroo.it/menu/milano/risorgimento/kyo-fusion?day=today&geohash=u0nd8be8xnqv&time=ASAP	Ⓜ️kyo fusion	Risorgimento	Viale Premuda 11, Milano, 20129	['Sushi', 'Giapponese', 'Vino']	Aperti fino alle 23:00	4.4	50+ 
https://deliveroo.it/menu/milano/navigli/solo-pizza-cafe-navigli?day=today&geohash=u0nd8be8xnqv&time=ASAP	Solo Pizza Cafè	Navigli	Alzaia Naviglio Pavese 6, Milano, 20143	['Pizza', 'Italiano']	Aperti fino alle 23:15	4.4	50+ 
https://deliveroo.it/menu/milano/cinque-giornate/la-taverna?day=today&geohash=u0nd8be8xnqv&time=ASAP	La Taverna	Cinque Giornate	Via Cadore 8, Milano, 20135	['Pizza', 'Italiano']	Aperti fino alle 22:30	4.4	50+ 
https://deliveroo.it/menu/milano/medaglie-doro/cow-burger?day=today&geohash=u0nd8be8xnqv&time=ASAP	Cow burger	Medaglie d'oro	Via Giuseppe Ripamonti 19, Milano, 20135	['Americano', 'Hamburger']	Aperti fino alle 22:30	4.4	50+ 
https://deliveroo.it/menu/milano/risorgimento/pasticceria-giacomo?day=today&geohash=u0nd8be8xnqv&time=ASAP	Pasticceria Giacomo	Risorgimento	Via Pasquale Sottocorno 46, Milano, 20129	['Italiano', 'Gelato', 'Dessert']	Aperti fino alle 23:00	4.4	50+ 
https://deliveroo.it/menu/milano/porta-romana/pulled-lovers-piazza-ascoli?day=today&geohash=u0nd8be8xnqv&time=ASAP	Pulled Lovers	Porta Romana	Viale Bligny 43, Milano, 20136	['Americano', 'Sandwich', 'Hamburger', 'Pollo']	Aperti fino alle 22:45	4.4	50+ 
https://deliveroo.it/menu/milano/bocconi/burger-wave-navigli?day=today&geohash=u0nd8be8xnqv&time=ASAP	Burger Wave	Bocconi	Via Ascanio Sforza, 47, Milano, 20136	['Americano', 'Hamburger']	Aperti fino alle 23:00	4.4	50+ 
https://deliveroo.it/menu/milano/porta-romana/factory-bowls-and-salads-ascoli?day=today&geohash=u0nd8be8xnqv&time=ASAP	Factory Bowls & Salads	Porta Romana	Viale Bligny 43, Milano, 20136	['Sandwich', 'Hawaiano', 'Insalate', 'Poke', 'Healthy']	Aperti fino alle 22:45	4.4	50+ 
https://deliveroo.it/menu/milano/ticinese/hamericas-col-di-lana?day=today&geohash=u0nd8be8xnqv&time=ASAP	Hamerica's	Ticinese	Viale Col di Lana 6, Milano, 20136	['Americano', 'Hamburger']	Aperti fino alle 22:30	4.4	50+ 
https://deliveroo.it/menu/milano/ticinese/machapoke?day=today&geohash=u0nd8be8xnqv&time=ASAP	MACHAPOKÈ	Ticinese	Viale Col di Lana 5, Milano, 20136	['Giapponese', 'Hawaiano', 'Poke', 'Healthy']	Aperti fino alle 22:15	4.4	50+ 
https://deliveroo.it/menu/milano/ripamonti/ristorante-pizzeria-del-ponte-milano-via-carlo-bazzi?day=today&geohash=u0nd8be8xnqv&time=ASAP	Ristorante Pizzeria Del Ponte - Bazzi	Ripamonti	Via Carlo Bazzi 9, Milano, 20141	['Italiano', 'Pizza', 'Pasta', 'Senza Glutine']	Aperti fino alle 23:15	4.4	50+ 
https://deliveroo.it/menu/milano/porta-romana/rainbowl-bligny?day=today&geohash=u0nd8be8xnqv&time=ASAP	RainBowl	Porta Romana	Viale Bligny 43, Milano, 20136	['Italiano', 'Insalate', 'Healthy']	Aperti fino alle 22:45	4.4	50+ 
https://deliveroo.it/menu/milano/pagano/fatto-bene-buonarroti?day=today&geohash=u0nd8be8xnqv&time=ASAP	Fatto Bene Burger	Pagano	Via Buonarroti 8, Milano, 20145	['Americano', 'Hamburger']	Aperti fino alle 23:45	4.4	50+ 
https://deliveroo.it/menu/milano/tortona/la-caveja-milano?day=today&geohash=u0nd8be8xnqv&time=ASAP	Piadineria La Caveja	Tortona	Piazza Napoli, 21, Milano, 20146	['Italiano', 'Piadina']	Aperti fino alle 22:30	4.4	50+ 
https://deliveroo.it/menu/milano/tortona/maido?day=today&geohash=u0nd8be8xnqv&time=ASAP	Maido!	Tortona	Via Savona 15, Milano, 20144	['Giapponese', 'Asiatico']	Aperti fino alle 23:00	4.4	50+ 
https://deliveroo.it/menu/milano/tortona/fratelli-ravioli?day=today&geohash=u0nd8be8xnqv&time=ASAP	Fratelli Ravioli	Tortona	Via Casale 3, Milano, 20144	['Cinese', 'Asiatico']	Aperti fino alle 23:30	4.4	50+ 
https://deliveroo.it/menu/milano/darsena/ckn-ckn?day=today&geohash=u0nd8be8xnqv&time=ASAP	ckn ckn	Darsena	Corso di Porta Ticinese 106, Milano, 20123	['Italiano', 'Pollo']	Aperti fino alle 23:59	4.4	50+ 
https://deliveroo.it/menu/milano/medaglie-doro/amico-poke-and-roll?day=today&geohash=u0nd8be8xnqv&time=ASAP	Amico sushi poke	Medaglie d'oro	Via Piacenza 1, Milano, 20135	['Hawaiano', 'Poke', 'Sushi']	Aperti fino alle 23:00	4.4	16 
https://deliveroo.it/menu/milano/brera/lorto-di-brera?day=today&geohash=u0nd8be8xnqv&time=ASAP	L'Orto di Brera - Via Carpoforo	Brera	Via San Carpoforo 6, Milano, 20127	['Italiano', 'Vegetariano', 'Healthy']	Aperti fino alle 15:00	4.4	50+ 
https://deliveroo.it/menu/milano/medaglie-doro/bello-e-buono?day=today&geohash=u0nd8be8xnqv&time=ASAP	Bello & Buono	Medaglie d'oro	Viale Sabotino 14, Milano, 20136	['Italiano', 'Pasta']	Aperti fino alle 22:45	4.4	50+ 
https://deliveroo.it/menu/milano/navigli/pokinho-navigli?day=today&geohash=u0nd8be8xnqv&time=ASAP	Pokinho - A Poke by Temakinho	Navigli	Ripa di Porta Ticinese 37/39, Milano, 20143	['Giapponese', 'Hawaiano', 'Poke']	Aperti fino alle 21:45	4.4	50+ 
https://deliveroo.it/menu/milano/medaglie-doro/cerro-ardente?day=today&geohash=u0nd8be8xnqv&time=ASAP	Cerro Ardente	Medaglie d'oro	Viale Monte Nero 16, Milano, 20135	['Pizza', 'Italiano']	Aperti fino alle 22:30	4.4	50+ 
https://deliveroo.it/menu/milano/barona/dolci-memela-srl?day=today&geohash=u0nd8be8xnqv&time=ASAP	Dolci Memela	Barona	Piazza Miani, Angolo Viale Faenza, Milano, 20142	['Italiano', 'Dessert', 'Colazione']	Aperti fino alle 20:30	4.4	50+ 
https://deliveroo.it/menu/milano/guastalla/calibreakfast-by-poke-house-tribunale?day=today&geohash=u0nd8be8xnqv&time=ASAP	Calibreakfast by Poke House - Organic sweet bowls & more	Guastalla	Via Carlo Freguglia 2, Milano, 20129	['Italiano', 'Vegano', 'Senza Glutine', 'Colazione']	Aperti fino alle 16:30	4.4	50+ 
https://deliveroo.it/menu/milano/santambrogio/verdis-breakfast?day=today&geohash=u0nd8be8xnqv&time=ASAP	Verdi's Breakfast & Bistrot	Sant'Ambrogio	Via Nirone 2, Milano, 20123	['Italiano', 'Sandwich', 'Colazione', 'Healthy']	Aperti fino alle 18:30	4.4	50+ 
https://deliveroo.it/menu/milano/darsena/social-market?day=today&geohash=u0nd8be8xnqv&time=ASAP	GUD	Darsena	Viale Gabriele D'Annunzio 30, Milano, 20123	['Poke', 'Pizza', 'Hamburger', 'Fish And Chips']	Aperti fino alle 23:30	4.4	50+ 
https://deliveroo.it/menu/milano/navigli/partenopei-1820-srl?day=today&geohash=u0nd8be8xnqv&time=ASAP	Napoli 1820	Navigli	Alzaia Naviglio Grande 62, Milano, 20144	['Pizza', 'Italiano', 'Pasta']	Aperti fino alle 23:30	4.4	28 
https://deliveroo.it/menu/milano/via-montegani/ristorante-naviglio?day=today&geohash=u0nd8be8xnqv&time=ASAP	Ristorante Naviglio	Via Montegani	Piazza Carrara 23, Milano, 20141	['Pizza', 'Giapponese', 'Asiatico']	Aperti fino alle 22:45	4.4	50+ 
https://deliveroo.it/menu/milano/tortona/panino-lab-navigli?day=today&geohash=u0nd8be8xnqv&time=ASAP	Panino Lab - Navigli	Tortona	Via Corsico 1, Milano, 20144	['Sandwich', 'Italiano', 'Vegano']	Aperti fino alle 23:30	4.4	50+ 
https://deliveroo.it/menu/milano/giambellino/thai-chokdee-restaurant?day=today&geohash=u0nd8be8xnqv&time=ASAP	Thai Chokdee - Restaurant	Giambellino	Via Gorki 1 angolo Via Giambellino, Milano, 20146	['Thailandese', 'Pollo']	Aperti fino alle 22:00	4.4	50+ 
https://deliveroo.it/menu/milano/tortona/fujiyama-hot?day=today&geohash=u0nd8be8xnqv&time=ASAP	Fujiyama Hot	Tortona	Via Washington 107, Milano, 20146	['Sushi', 'Giapponese']	Aperti fino alle 23:00	4.4	50+ 
https://deliveroo.it/menu/milano/corso-lodi/pizzeria-del-ponte-pizzeria-ristorante?day=today&geohash=u0nd8be8xnqv&time=ASAP	Ristorante Pizzeria Del Ponte - Decembrio	Corso Lodi	Via Decembrio, 26, Milano, 20137	['Pizza', 'Italiano', 'Senza Glutine']	Aperti fino alle 23:00	4.4	50+ 
https://deliveroo.it/menu/milano/missori/mania-tropicale?day=today&geohash=u0nd8be8xnqv&time=ASAP	Mania Tropicale	Missori	Corso di Porta Romana 19, Milano, 20122	['Sandwich', 'Vegetariano', 'Insalate', 'Senza Glutine', 'Colazione', 'Bagel', 'Pancake', 'Latinoamericano']	Aperti fino alle 21:30	4.4	50+ 
https://deliveroo.it/menu/milano/magenta/puccias-brothers?day=today&geohash=u0nd8be8xnqv&time=ASAP	Puccia's Brothers	Magenta	Piazza Virgilio 3, Milano, 20123	['Italiano']	Aperti fino alle 19:30	4.4	50+ 
https://deliveroo.it/menu/milano/tortona/bar-foppa-milano?day=today&geohash=u0nd8be8xnqv&time=ASAP	Bar Foppa Milano	Tortona	Via Vincenzo Foppa 44, Milano, 20144	['Pizza', 'Italiano', 'Sandwich', 'Vegano', 'Insalate', 'Piadina']	Aperti fino alle 19:00	4.4	50+ 
https://deliveroo.it/menu/milano/medaglie-doro/pepe-nero-viale-umbria?day=today&geohash=u0nd8be8xnqv&time=ASAP	Pepe Nero	Medaglie d'oro	Viale Umbria, 11, Milano, 20135	['Pizza', 'Italiano', 'Bistecche', 'Insalate']	Aperti fino alle 22:30	4.4	16 
https://deliveroo.it/menu/milano/colonne-di-san-lorenzo/poke-away-milano?day=today&geohash=u0nd8be8xnqv&time=ASAP	Poke Away	Colonne di San Lorenzo	Corso di Porta Ticinese 1, Milano, 20123	['Poke', 'Hawaiano', 'Sushi', 'Giapponese']	Aperti fino alle 21:45	4.4	50+ 
https://deliveroo.it/menu/milano/statale/amare?day=today&geohash=u0nd8be8xnqv&time=ASAP	A'mare	Statale	Via Santa Tecla 3, Milano, 20122	['Italiano', 'Hamburger', 'Pasta', 'Fish And Chips']	Aperti fino alle 22:15	4.4	50+ 
https://deliveroo.it/menu/milano/bocconi/saien?day=today&geohash=u0nd8be8xnqv&time=ASAP	Saien	Bocconi	Corso S. Gottardo 51, Milano, 20136	['Sushi', 'Cinese', 'Giapponese']	Aperti fino alle 23:00	4.4	50+ 
https://deliveroo.it/menu/milano/giambellino/trap-of-taste?day=today&geohash=u0nd8be8xnqv&time=ASAP	Da Trap	Giambellino	Via Leone Tolstoi 9, Milano, 20146	['Pizza', 'Italiano']	Aperti fino alle 22:15	4.4	50+ 
https://deliveroo.it/menu/milano/navigli/amorino-navigli?day=today&geohash=u0nd8be8xnqv&time=ASAP	Amorino	Navigli	Via Alzaia Naviglio Grande 24, Milano, 20144	['Italiano', 'Gelato']	Aperti fino alle 23:59	4.4	50+ 
https://deliveroo.it/menu/milano/navigli/straripa-bar?day=today&geohash=u0nd8be8xnqv&time=ASAP	StraRipa Bar	Navigli	Ripa di Porta Ticinese 19, Milano, 20143	['Italiano', 'Insalate', 'Pasta']	Aperti fino alle 22:30	4.4	50+ 
https://deliveroo.it/menu/milano/inganni/lo-scoglio-sul-naviglio?day=today&geohash=u0nd8be8xnqv&time=ASAP	Da Thomas sul naviglio	Inganni	Via Lodovico il Moro 55, Milano, 20143	['Pizza', 'Italiano', 'Pasta']	Aperti fino alle 23:30	4.4	50+ 
https://deliveroo.it/menu/milano/tortona/bianco-palato-sas?day=today&geohash=u0nd8be8xnqv&time=ASAP	Bianco palato	Tortona	Piazza Napoli,7, Milano, 20146	['Italiano', 'Pasta', 'Vino']	Aperti fino alle 19:30	4.4	25 
https://deliveroo.it/menu/milano/cinque-giornate/sengyo-sushi?day=today&geohash=u0nd8be8xnqv&time=ASAP	Sengyo sushi	Cinque Giornate	Via Bergamo 3, Milano, 20135	['Sushi', 'Cinese', 'Giapponese']	Aperti fino alle 22:50	4.4	50+ 
https://deliveroo.it/menu/milano/tortona/bblack?day=today&geohash=u0nd8be8xnqv&time=ASAP	BBLACK	Tortona	Via Corsico, 1, Milano, 20144	['Italiano', 'Sandwich', 'Hamburger', 'Insalate']	Aperti fino alle 22:00	4.4	10 
https://deliveroo.it/menu/milano/tortona/tenoha?day=today&geohash=u0nd8be8xnqv&time=ASAP	Tenoha	Tortona	Via Vigevano 18, Milano, 20123	['Giapponese', 'Asiatico']	Aperti fino alle 21:30	4.4	19 
https://deliveroo.it/menu/milano/tortona/lms-fushion-finest?day=today&geohash=u0nd8be8xnqv&time=ASAP	LM'S Fusion Finest	Tortona	Piazza Napoli 25, Milano, 20144	['Cinese', 'Giapponese', 'Dim Sum']	Aperti fino alle 23:30	4.4	50+ 
https://deliveroo.it/menu/milano/statale/jade-cafe?day=today&geohash=u0nd8be8xnqv&time=ASAP	Jade Cafè	Statale	Via Palazzo Reale 5, Milano, 20122	['Sushi', 'Cinese', 'Giapponese', 'Asiatico']	Aperti fino alle 14:00	4.4	50+ 
https://deliveroo.it/menu/milano/porta-romana/casa-del-gelato?day=today&geohash=u0nd8be8xnqv&time=ASAP	Casa Del Gelato	Porta Romana	Via della Commenda 25, Milano, 20122	['Italiano', 'Dessert', 'Gelato']	Aperti fino alle 21:00	4.4	18 
https://deliveroo.it/menu/milano/de-angeli-ravizza/assaje-sanzio?day=today&geohash=u0nd8be8xnqv&time=ASAP	Assaje	De Angeli - Ravizza	Via Raffaello Sanzio 14, Milano, 20149	['Pizza', 'Italiano']	Aperti fino alle 23:59	4.3	50+ 
https://deliveroo.it/menu/milano/ticinese/giga-burger?day=today&geohash=u0nd8be8xnqv&time=ASAP	Giga Burger by Delivery Valley	Ticinese	Via Col Di Lana 8,, Milano, 20136	['Italiano', 'Hamburger', 'Sandwich']	Aperti fino alle 23:00	4.3	50+ 
https://deliveroo.it/menu/milano/navigli/temakinho-navigli?day=today&geohash=u0nd8be8xnqv&time=ASAP	Temakinho	Navigli	Ripa di Porta Ticinese 37/39, Milano, 20143	['Sushi', 'Giapponese', 'Latinoamericano', 'Poke']	Aperti fino alle 22:15	4.3	50+ 
https://deliveroo.it/menu/milano/navigli/greek-fusion?day=today&geohash=u0nd8be8xnqv&time=ASAP	Greek Fusion	Navigli	Ripa di Porta Ticinese, 15, Milano, 20143	['Greco']	Aperti fino alle 23:00	4.3	50+ 
https://deliveroo.it/menu/milano/de-angeli-ravizza/lievita?day=today&geohash=u0nd8be8xnqv&time=ASAP	Lievità	De Angeli - Ravizza	Via Carlo Ravizza, 11, Milano, 20149	['Pizza', 'Italiano']	Aperti fino alle 23:00	4.3	50+ 
https://deliveroo.it/menu/milano/bocconi/haruka-milano?day=today&geohash=u0nd8be8xnqv&time=ASAP	Haruka Sushi	Bocconi	Corso S. Gottardo, 49, Milano, 20136	['Giapponese', 'Cinese', 'Sushi']	Aperti fino alle 23:15	4.3	50+ 
https://deliveroo.it/menu/milano/barona/old-wild-west-milano-cassala?day=today&geohash=u0nd8be8xnqv&time=ASAP	Old Wild West	Barona	Viale Cassala 14, Milano, 20143	['Pollo', 'Americano', 'Hamburger']	Aperti fino alle 22:45	4.3	50+ 
https://deliveroo.it/menu/milano/san-babila/wagamama-milano?day=today&geohash=u0nd8be8xnqv&time=ASAP	Wagamama	San Babila	Via San Pietro All'orto 11, Milano, 20121	['Thailandese', 'Ramen', 'Asiatico']	Aperti fino alle 22:00	4.3	50+ 
https://deliveroo.it/menu/milano/medaglie-doro/amico-sushi?day=today&geohash=u0nd8be8xnqv&time=ASAP	Amico Sushi	Medaglie d'oro	Via Piacenza 1, Milano, 20135	['Sushi', 'Giapponese']	Aperti fino alle 23:00	4.3	50+ 
https://deliveroo.it/menu/milano/bocconi/insalatona-bligny?day=today&geohash=u0nd8be8xnqv&time=ASAP	Insalatona	Bocconi	Viale Bligny 36, Milano, 20136	['Italiano', 'Vegano', 'Insalate', 'Wrap']	Aperti fino alle 23:45	4.3	35 
https://deliveroo.it/menu/milano/washington/don-raffaele?day=today&geohash=u0nd8be8xnqv&time=ASAP	Don Raffaele	Washington	Via Roncaglia 3, Milano, 20146	['Pizza', 'Italiano']	Aperti fino alle 23:30	4.3	50+ 
https://deliveroo.it/menu/milano/tortona/rossopomodoro-navigli-mille987-srl?day=today&geohash=u0nd8be8xnqv&time=ASAP	Rossopomodoro	Tortona	Via casale 7, Milano, 20144	['Pizza', 'Italiano', 'Pasta']	Aperti fino alle 22:30	4.3	36 
https://deliveroo.it/menu/milano/bocconi/ristorante-cinese-sole-doriente?day=today&geohash=u0nd8be8xnqv&time=ASAP	Ristorante Cinese Sole d'Oriente	Bocconi	Viale Tibaldi 17, Milano, 20136	['Sushi', 'Cinese']	Aperti fino alle 23:00	4.3	50+ 
https://deliveroo.it/menu/milano/bocconi/i-capatosta?day=today&geohash=u0nd8be8xnqv&time=ASAP	I Capatosta	Bocconi	Via della Conchetta 15, Milano, 20136	['Pizza', 'Italiano']	Aperti fino alle 22:30	4.3	50+ 
https://deliveroo.it/menu/milano/porta-romana/burritoso-bligny?day=today&geohash=u0nd8be8xnqv&time=ASAP	Burritoso	Porta Romana	Viale Bligny 43,, Milano, 20136	['Tacos', 'Burrito', 'Messicano']	Aperti fino alle 23:00	4.3	50 
https://deliveroo.it/menu/milano/colonne-di-san-lorenzo/miscusi-colonne-milano?day=today&geohash=u0nd8be8xnqv&time=ASAP	miscusi	Colonne di San Lorenzo	Via Urbano III, 3, Milano, 20123	['Italiano', 'Pasta']	Aperti fino alle 22:00	4.3	50+ 
https://deliveroo.it/menu/milano/de-angeli-ravizza/vanilla-bakery?day=today&geohash=u0nd8be8xnqv&time=ASAP	Vanilla Bakery	De Angeli - Ravizza	Via S. Siro, 2, Milano, 20149	['Americano', 'Hamburger', 'Dessert', 'Brunch']	Aperti fino alle 23:00	4.3	50+ 
https://deliveroo.it/menu/milano/darsena/mamastreat?day=today&geohash=u0nd8be8xnqv&time=ASAP	Mamastreat	Darsena	Corso di Porta Ticinese, 77, Milano, 20123	['Burrito', 'Messicano', 'Tacos']	Aperti fino alle 23:59	4.3	50+ 
https://deliveroo.it/menu/milano/barona/bella-vista-kebap?day=today&geohash=u0nd8be8xnqv&time=ASAP	Bella Vista Kebap	Barona	Via Santa Rita Da Cascia 3, Milano, 20143	['Pizza', 'Italiano', 'Kebab']	Aperti fino alle 22:15	4.3	50+ 
https://deliveroo.it/menu/milano/barona/pizzeria-capri-1960?day=today&geohash=u0nd8be8xnqv&time=ASAP	Pizzeria Capri 1960	Barona	Via Giacomo Watt, 2 angolo Via Pestalozzi, Milano, 20143	['Pizza', 'Italiano']	Aperti fino alle 23:00	4.3	50+ 
https://deliveroo.it/menu/milano/de-angeli-ravizza/officina-del-riso?day=today&geohash=u0nd8be8xnqv&time=ASAP	Officina Del Riso	De Angeli - Ravizza	Via Marghera, 29, Milano, 20149	['Italiano', 'Pasta', 'Vino']	Aperti fino alle 23:00	4.3	50+ 
https://deliveroo.it/menu/milano/bocconi/burrito-brothers-milano-viale-bligny?day=today&geohash=u0nd8be8xnqv&time=ASAP	Burrito Brothers	Bocconi	Viale Bligny 36, Milano, 20136	['Burrito', 'Messicano']	Aperti fino alle 23:45	4.3	50+ 
https://deliveroo.it/menu/milano/de-angeli-ravizza/casa-della-farina-ristorante-ramen?day=today&geohash=u0nd8be8xnqv&time=ASAP	Casa della farina & Sushi	De Angeli - Ravizza	Via Marghera, 51, Milano, 20149	['Giapponese', 'Ramen', 'Dim Sum', 'Sushi']	Aperti fino alle 23:00	4.3	50+ 
https://deliveroo.it/menu/milano/de-angeli-ravizza/pizzando-grigliando-da-ciro?day=today&geohash=u0nd8be8xnqv&time=ASAP	Pizzando Grigliando da Ciro	De Angeli - Ravizza	Via Marghera 10, Milano, 20149	['Pizza', 'Italiano']	Aperti fino alle 23:00	4.3	50+ 
https://deliveroo.it/menu/milano/navigli/maoji-street-food?day=today&geohash=u0nd8be8xnqv&time=ASAP	Maoji - Street Food	Navigli	Alzaia Naviglio Pavese 6, Milano, 20143	['Cinese', 'Asiatico']	Aperti fino alle 23:00	4.3	50+ 
https://deliveroo.it/menu/milano/ticinese/fishn-burger-col-di-lana?day=today&geohash=u0nd8be8xnqv&time=ASAP	Fish'n Burger	Ticinese	Viale Col di Lana 5, Milano, 20136	['Italiano', 'Hamburger', 'Fish And Chips', 'Frutti Di Mare', 'Insalate']	Aperti fino alle 22:15	4.3	50+ 
https://deliveroo.it/menu/milano/medaglie-doro/pizzeria-pulcinella?day=today&geohash=u0nd8be8xnqv&time=ASAP	Pizzeria Pulcinella- Sapori di Puglia	Medaglie d'oro	Via Crema, 23, Milano, 20135	['Italiano', 'Pizza']	Aperti fino alle 22:00	4.3	50+ 
https://deliveroo.it/menu/milano/bocconi/ciccio-pasha?day=today&geohash=u0nd8be8xnqv&time=ASAP	Ciccio Pasha	Bocconi	Via Giuseppe Meda, 17, Milano, 20136	['Pizza', 'Italiano', 'Kebab']	Aperti fino alle 23:59	4.3	50+ 
https://deliveroo.it/menu/milano/statale/il-priscio?day=today&geohash=u0nd8be8xnqv&time=ASAP	Il Priscio	Statale	Via Santa Tecla 5, Milano, 20122	['Pizza', 'Italiano', 'Pasta']	Aperti fino alle 22:15	4.3	50+ 
https://deliveroo.it/menu/milano/bocconi/tandoori-bites?day=today&geohash=u0nd8be8xnqv&time=ASAP	Tandoori bites	Bocconi	Via Pavia, 10, Milano, 20136	['Indiano', 'Pollo']	Aperti fino alle 23:00	4.3	21 
https://deliveroo.it/menu/milano/bocconi/sun-restaurant-via-salasco-29?day=today&geohash=u0nd8be8xnqv&time=ASAP	Sun restaurant	Bocconi	Viale Bligny 66, Milano, 20136	['Sushi', 'Cinese', 'Giapponese', 'Dim Sum', 'Noodles']	Aperti fino alle 22:45	4.3	22 
https://deliveroo.it/menu/milano/tortona/famoso-fusion?day=today&geohash=u0nd8be8xnqv&time=ASAP	Ristorante cinese giapponese Famoso Fusion	Tortona	Via Vigevano 9,, Milano, 20144	['Sushi', 'Thailandese', 'Poke', 'Cinese']	Aperti fino alle 22:30	4.3	26 
https://deliveroo.it/menu/milano/tortona/yu-restaurant?day=today&geohash=u0nd8be8xnqv&time=ASAP	Yù Restaurant	Tortona	Via Casale 5, Milano, 20144	['Sushi', 'Cinese', 'Giapponese']	Aperti fino alle 23:00	4.3	50+ 
https://deliveroo.it/menu/milano/santambrogio/pausa-milano?day=today&geohash=u0nd8be8xnqv&time=ASAP	Pausa - Your Italian Break	Sant'Ambrogio	Via Cesare Correnti 28, Milano, 20123	['Pizza', 'Italiano', 'Pasta']	Aperti fino alle 22:30	4.3	50+ 
https://deliveroo.it/menu/milano/tortona/kyto?day=today&geohash=u0nd8be8xnqv&time=ASAP	Kyto	Tortona	Via Vigevano 8, Milano, 20124	['Sushi', 'Giapponese']	Aperti fino alle 22:30	4.3	50+ 
https://deliveroo.it/menu/milano/tortona/ci-bo?day=today&geohash=u0nd8be8xnqv&time=ASAP	Ci-Bo	Tortona	Via Vincenzo Foppa, 25, Milano, 20144	['Italiano']	Aperti fino alle 14:00	4.3	50+ 
https://deliveroo.it/menu/milano/tortona/rosticceria-cinese-kai-fa?day=today&geohash=u0nd8be8xnqv&time=ASAP	Rosticceria Cinese Kai Fa	Tortona	Viale Coni Zugna 56 Angolo Via Savona, Milano, 20144	['Cinese', 'Pasta']	Aperti fino alle 22:30	4.3	16 
https://deliveroo.it/menu/milano/tortona/sushisu?day=today&geohash=u0nd8be8xnqv&time=ASAP	Sushisu	Tortona	Via Solari 72, Milano, 20144	['Giapponese', 'Sushi']	Aperti fino alle 23:00	4.3	50+ 
https://deliveroo.it/menu/milano/medaglie-doro/indian-food-ristorante-vegetariano-porta-romana?day=today&geohash=u0nd8be8xnqv&time=ASAP	Indian Vegetarian Food	Medaglie d'oro	Via Giuseppe Ripamonti 15, Milano, 20135	['Indiano', 'Pollo', 'Vegano', 'Vegetariano', 'Asiatico', 'Curry']	Aperti fino alle 22:50	4.3	50+ 
https://deliveroo.it/menu/milano/barona/il-mago-via-modica?day=today&geohash=u0nd8be8xnqv&time=ASAP	Il Mago	Barona	Via Modica 1, Via Biella, Milano, 20143	['Pizza', 'Italiano', 'Kebab']	Aperti fino alle 23:00	4.3	50+ 
https://deliveroo.it/menu/milano/porta-romana/il-faraone-milano?day=today&geohash=u0nd8be8xnqv&time=ASAP	Il Faraone	Porta Romana	Via Orti 7, Milano, 20122	['Pizza', 'Italiano']	Aperti fino alle 22:45	4.3	50+ 
https://deliveroo.it/menu/milano/bocconi/algida-store-porta-romana?day=today&geohash=u0nd8be8xnqv&time=ASAP	Algida Store	Bocconi	Viale Bligny 36, Milano, 20136	['Italiano', 'Gelato']	Aperti fino alle 23:45	4.3	24 
https://deliveroo.it/menu/milano/de-angeli-ravizza/marghera18-la-cruncheria?day=today&geohash=u0nd8be8xnqv&time=ASAP	Marghera18 La Cruncheria	De Angeli - Ravizza	Via Marghera, 18, Milano, 20149	['Pizza', 'Italiano']	Aperti fino alle 22:00	4.3	50+ 
https://deliveroo.it/menu/milano/cinque-giornate/pretesto?day=today&geohash=u0nd8be8xnqv&time=ASAP	PreTesto	Cinque Giornate	Via Campi 2, Milano, 20135	['Italiano', 'Hamburger', 'Pollo', 'Vino']	Aperti fino alle 21:30	4.3	50+ 
https://deliveroo.it/menu/milano/washington/pace-piazza-roma?day=today&geohash=u0nd8be8xnqv&time=ASAP	Pace Piazza Roma	Washington	Via Washington 74, Milano, 20146	['Italiano', 'Pasta']	Aperti fino alle 22:00	4.3	50+ 
https://deliveroo.it/menu/milano/porta-monforte/ristorante-shorai?day=today&geohash=u0nd8be8xnqv&time=ASAP	Ristorante Shorai	Porta Monforte	Via Enrico Dandolo, 2, Milano, 20122	['Sushi', 'Giapponese', 'Teppanyaki']	Aperti fino alle 23:00	4.3	18 
https://deliveroo.it/menu/milano/navigli/sa-buttega-frattua?day=today&geohash=u0nd8be8xnqv&time=ASAP	Sa Buttega Frattau	Navigli	Via Carlo Torre, 39, Milano, 20143	['Italiano']	Aperti fino alle 22:00	4.3	42 
https://deliveroo.it/menu/milano/tortona/ristorante-giapponese-sushi-sashimi?day=today&geohash=u0nd8be8xnqv&time=ASAP	Ristorante Giapponese sushi sashimi	Tortona	Via Andrea Solari 48, Milano, 20144	['Cinese', 'Giapponese']	Aperti fino alle 23:00	4.3	50+ 
https://deliveroo.it/menu/milano/lorenteggio/moto-pizza-sas?day=today&geohash=u0nd8be8xnqv&time=ASAP	Moto pizza	Lorenteggio	Via Soderini 25, Milano, 20146	['Italiano', 'Pizza']	Aperti fino alle 22:00	4.3	48 
https://deliveroo.it/menu/milano/bocconi/shalimar-ristorante-indiano?day=today&geohash=u0nd8be8xnqv&time=ASAP	Shalimar - Ristorante Indiano	Bocconi	Viale Toscana 2, Milano, 20136	['Indiano']	Aperti fino alle 22:45	4.3	50+ 
https://deliveroo.it/menu/milano/inganni/super-star?day=today&geohash=u0nd8be8xnqv&time=ASAP	Superstar	Inganni	Largo Giambellino 126, Milano, 20147	['Kebab', 'Italiano', 'Pizza']	Aperti fino alle 23:30	4.3	12 
https://deliveroo.it/menu/milano/missori/la-piadineria-di-michele?day=today&geohash=u0nd8be8xnqv&time=ASAP	La Piadineria Di Michele	Missori	Corso di Porta Romana, 7, Milano, 20122	['Italiano', 'Piadina']	Aperti fino alle 16:00	4.3	14 
https://deliveroo.it/menu/milano/san-vittore/x-c?day=today&geohash=u0nd8be8xnqv&time=ASAP	X&C	San Vittore	Via Ausonio 23, Milano, 20123	['Sushi', 'Cinese']	Aperti fino alle 23:00	4.3	10 
https://deliveroo.it/menu/milano/porta-romana/pizzeria-grill-kebab-san-francesco-2?day=today&geohash=u0nd8be8xnqv&time=ASAP	Pizzeria Grill Kebab San Francesco 2	Porta Romana	Via Orti 16, Milano, 20122	['Pizza', 'Italiano']	Aperti fino alle 23:30	4.3	13 
https://deliveroo.it/menu/milano/missori/sakura-sushi-restaurant?day=today&geohash=u0nd8be8xnqv&time=ASAP	Sakura Sushi Restaurant	Missori	Corso di Porta Romana 44, Milano, 20123	['Sushi']	Aperti fino alle 22:30	4.3	46 
https://deliveroo.it/menu/milano/tortona/lov-milano-solari?day=today&geohash=u0nd8be8xnqv&time=ASAP	L'Ov Milano - Solari	Tortona	Via Solari 34, Milano, 20155	['Italiano', 'Americano']	Aperti fino alle 22:45	4.3	50+ 
https://deliveroo.it/menu/milano/bocconi/la-casa-de-los-burritos-bligny?day=today&geohash=u0nd8be8xnqv&time=ASAP	La Casa de Los Burritos	Bocconi	Viale Bligny 36,, Milano, 20136	['Burrito', 'Messicano']	Aperti fino alle 23:45	4.2	50+ 
https://deliveroo.it/menu/milano/ticinese/lievito-mother-f?day=today&geohash=u0nd8be8xnqv&time=ASAP	Lievito Mother Fucker: la pizza by Delivery Valley	Ticinese	Via Col Di Lana 8, Milano, 20136	['Pizza', 'Italiano']	Aperti fino alle 23:00	4.2	50+ 
https://deliveroo.it/menu/milano/tortona/pizzium-via-vigevano?day=today&geohash=u0nd8be8xnqv&time=ASAP	PIZZIUM	Tortona	Via Vigevano, 33, Milano, 20144	['Italiano', 'Pizza']	Aperti fino alle 23:59	4.2	50+ 
https://deliveroo.it/menu/milano/medaglie-doro/xiyuan-trattoria-cinese?day=today&geohash=u0nd8be8xnqv&time=ASAP	Xiyuan Trattoria Cinese	Medaglie d'oro	Viale Umbria 9,, Milano, 20135	['Cinese', 'Noodles']	Aperti fino alle 22:30	4.2	50+ 
https://deliveroo.it/menu/milano/darsena/quore-italiano-xxiv-maggio?day=today&geohash=u0nd8be8xnqv&time=ASAP	Quore Italiano	Darsena	Piazza XXIV Maggio, 4, Milano, 20123	['Pizza', 'Italiano', 'Pasta']	Aperti fino alle 23:00	4.2	50+ 
https://deliveroo.it/menu/milano/porta-romana/ham-viale-bligny?day=today&geohash=u0nd8be8xnqv&time=ASAP	Ham Holy Burger	Porta Romana	Viale Bligny 39, Milano, 20136	['Italiano', 'Hamburger', 'Vegetariano', 'Poke', 'Americano', 'Sandwich', 'Vegano', 'Senza Glutine']	Aperti fino alle 22:30	4.2	50+ 
https://deliveroo.it/menu/milano/lorenteggio/poke-fujiyama?day=today&geohash=u0nd8be8xnqv&time=ASAP	Poke - Fujiyama	Lorenteggio	Via Lorenteggio 5, Milano, 20146	['Hawaiano', 'Poke', 'Tacos']	Aperti fino alle 23:30	4.2	50+ 
https://deliveroo.it/menu/milano/medaglie-doro/hiro-restaurant?day=today&geohash=u0nd8be8xnqv&time=ASAP	Hiro Restaurant	Medaglie d'oro	Via Giuseppe Ripamonti 13, Milano, 20136	['Sushi', 'Cinese', 'Giapponese']	Aperti fino alle 23:00	4.2	50+ 
https://deliveroo.it/menu/milano/tortona/cocciuto-via-bergognone?day=today&geohash=u0nd8be8xnqv&time=ASAP	COCCIUTO	Tortona	Via Bergognone, 24, Milano, 20144	['Italiano', 'Pizza']	Aperti fino alle 23:00	4.2	50+ 
https://deliveroo.it/menu/milano/medaglie-doro/piadineria-ripamonti?day=today&geohash=u0nd8be8xnqv&time=ASAP	Piadineria Ripamonti	Medaglie d'oro	Via Ripamonti 21, Milano, 20136	['Pizza', 'Italiano', 'Hamburger', 'Insalate', 'Piadina']	Aperti fino alle 22:45	4.2	50+ 
https://deliveroo.it/menu/milano/ripamonti/pizzeria-da-mimmo?day=today&geohash=u0nd8be8xnqv&time=ASAP	Pizzeria da Mimmo	Ripamonti	Via Francesco Brioschi, 41, Milano, 20141	['Pizza', 'Italiano']	Aperti fino alle 23:59	4.2	50+ 
https://deliveroo.it/menu/milano/ripamonti/gelateria-island?day=today&geohash=u0nd8be8xnqv&time=ASAP	Gelateria Ice Land cafè	Ripamonti	Via Ripamonti 130, Milano, 20141	['Italiano', 'Dessert', 'Gelato']	Aperti fino alle 23:59	4.2	50+ 
https://deliveroo.it/menu/milano/porta-romana/poke-burritoz-milano?day=today&geohash=u0nd8be8xnqv&time=ASAP	How I met your Burger	Porta Romana	Viale Bligny 43, Milano, 20136	['Americano', 'Hamburger']	Aperti fino alle 22:45	4.2	50+ 
https://deliveroo.it/menu/milano/ripamonti/pizzeria-la-gravina?day=today&geohash=u0nd8be8xnqv&time=ASAP	Pizzeria La Gravina	Ripamonti	Giovanni Pezzotti 46,, Milano, 20141	['Pizza', 'Italiano']	Aperti fino alle 22:30	4.2	50+ 
https://deliveroo.it/menu/milano/tortona/wasinghton-kebap?day=today&geohash=u0nd8be8xnqv&time=ASAP	Turchia Istanbul - Kebap & Pizza	Tortona	Via Foppa 58, Milano, 20144	['Pizza', 'Italiano', 'Kebab']	Aperti fino alle 23:30	4.2	50+ 
https://deliveroo.it/menu/milano/darsena/la-pasta-di-quore?day=today&geohash=u0nd8be8xnqv&time=ASAP	La Pasta fresca di Quore Italiano	Darsena	Piazza XXIV Maggio, 4, Milano, 20123	['Italiano', 'Pasta']	Aperti fino alle 23:00	4.2	50+ 
https://deliveroo.it/menu/milano/darsena/toasteria-italiana-molino-delle-armi-23?day=today&geohash=u0nd8be8xnqv&time=ASAP	Toasteria Italiana	Darsena	Via Molino delle Armi 23, Milano, 20123	['Sandwich', 'Italiano']	Aperti fino alle 23:00	4.2	50+ 
https://deliveroo.it/menu/milano/medaglie-doro/my-heart-pizza-senza-glutine?day=today&geohash=u0nd8be8xnqv&time=ASAP	My Heart - Pizza Senza Glutine	Medaglie d'oro	Via Altaguardia 15, Milano, 20135	['Pizza', 'Italiano', 'Senza Glutine']	Aperti fino alle 23:00	4.2	50+ 
https://deliveroo.it/menu/milano/darsena/pizzeria-del-ticinese?day=today&geohash=u0nd8be8xnqv&time=ASAP	Pizzeria Del Ticinese	Darsena	Corso di Porta Ticinese 65, Milano, 20123	['Pizza', 'Italiano']	Aperti fino alle 22:30	4.2	50+ 
https://deliveroo.it/menu/milano/bocconi/magnum-store-porta-romana?day=today&geohash=u0nd8be8xnqv&time=ASAP	Magnum Store	Bocconi	Viale Bligny 36, Milano, 20136	['Italiano', 'Gelato', 'Gelato Italiano']	Aperti fino alle 23:45	4.2	35 
https://deliveroo.it/menu/milano/navigli/la-spianata-sardinia?day=today&geohash=u0nd8be8xnqv&time=ASAP	La Spianata Sardinia	Navigli	Via Carlo Torre 39, Milano, 20143	['Italiano']	Aperti fino alle 22:00	4.2	50+ 
https://deliveroo.it/menu/milano/pagano/tonys-burger-original-milano?day=today&geohash=u0nd8be8xnqv&time=ASAP	Tony's Burger Original	Pagano	Via Michelangelo Buonarroti 8, Milano, 20145	['Americano', 'Hamburger']	Aperti fino alle 23:45	4.2	50+ 
https://deliveroo.it/menu/milano/san-vittore/pasticceria-martesana-santagostino?day=today&geohash=u0nd8be8xnqv&time=ASAP	Pasticceria Martesana	San Vittore	Piazza Sant'Agostino 7, Milano, 20123	['Italiano', 'Dessert', 'Colazione']	Aperti fino alle 19:45	4.2	50+ 
https://deliveroo.it/menu/milano/darsena/brutti-di-mare?day=today&geohash=u0nd8be8xnqv&time=ASAP	Brutti di mare	Darsena	Piazzale Antonio Cantore 3, Milano, 20123	['Italiano', 'Alcol', 'Bevande']	Aperti fino alle 22:45	4.2	50+ 
https://deliveroo.it/menu/milano/navigli/pizzeria-san-cristoforo?day=today&geohash=u0nd8be8xnqv&time=ASAP	Pizzeria San Cristoforo	Navigli	Via Ripa di Porta Ticinese 125, Milano, 20143	['Pizza', 'Italiano', 'Sandwich']	Aperti fino alle 23:59	4.2	50+ 
https://deliveroo.it/menu/milano/washington/stphilopateer?day=today&geohash=u0nd8be8xnqv&time=ASAP	St.Philopateer	Washington	Via Vincenzo Foppa 14, Milano, 20144	['Pizza', 'Italiano', 'Kebab']	Aperti fino alle 23:30	4.2	50+ 
https://deliveroo.it/menu/milano/statale/margy-burger?day=today&geohash=u0nd8be8xnqv&time=ASAP	Margy Burger	Statale	Piazza Santo Stefano, 2, Milano, 20122	['Americano', 'Hamburger']	Aperti fino alle 23:00	4.2	50+ 
https://deliveroo.it/menu/milano/barona/raj-ristorante-indiano?day=today&geohash=u0nd8be8xnqv&time=ASAP	Raj Ristorante Indiano	Barona	Via Lodovico il Moro 13, Milano, 20144	['Indiano']	Aperti fino alle 23:00	4.2	50+ 
https://deliveroo.it/menu/milano/giambellino/wakou-sushi?day=today&geohash=u0nd8be8xnqv&time=ASAP	Wakou sushi	Giambellino	Via Giambellino 65, Milano, 20146	['Sushi', 'Giapponese']	Aperti fino alle 23:00	4.2	50+ 
https://deliveroo.it/menu/milano/porta-romana/orti16?day=today&geohash=u0nd8be8xnqv&time=ASAP	Orti16	Porta Romana	Via Orti, 16, Milano, 20122	['Pizza', 'Italiano', 'Libanese']	Aperti fino alle 22:00	4.2	50+ 
https://deliveroo.it/menu/milano/santambrogio/organic-pizza-and-food?day=today&geohash=u0nd8be8xnqv&time=ASAP	Organic Pizza and Food	Sant'Ambrogio	Via Morigi, 8, Milano, 20123	['Pizza', 'Italiano']	Aperti fino alle 23:00	4.2	50+ 
https://deliveroo.it/menu/milano/medaglie-doro/mandarin?day=today&geohash=u0nd8be8xnqv&time=ASAP	Mandarin	Medaglie d'oro	Corso Lodi 11, Milano, 20135	['Sushi', 'Cinese', 'Giapponese']	Aperti fino alle 23:30	4.2	50+ 
https://deliveroo.it/menu/milano/tortona/sevilla-mia?day=today&geohash=u0nd8be8xnqv&time=ASAP	Sevilla Mia	Tortona	Viale Coni Zugna 50, Milano, 20144	['Sandwich', 'Spagnolo', 'Fish And Chips']	Aperti fino alle 22:30	4.2	13 
https://deliveroo.it/menu/milano/inganni/ristorante-del-pescatore-milano?day=today&geohash=u0nd8be8xnqv&time=ASAP	Ristorante del Pescatore	Inganni	Largo dei Gelsomini 10, Milano, 20146	['Pizza', 'Italiano', 'Pasta']	Aperti fino alle 23:00	4.2	47 
https://deliveroo.it/menu/milano/giambellino/instabul-gastronomia-turca-giambellino?day=today&geohash=u0nd8be8xnqv&time=ASAP	Istanbul - Gastronomia Turkish Giambellino Kebap	Giambellino	Via Giambellino 64, Milano, 20146	['Pizza', 'Turco', 'Kebab']	Aperti fino alle 01:00	4.2	41 
https://deliveroo.it/menu/milano/de-angeli-ravizza/vanilla-kitchen?day=today&geohash=u0nd8be8xnqv&time=ASAP	Vanilla Kitchen	De Angeli - Ravizza	Via San Siro 2, Milano, 20149	['Americano', 'Pollo Fritto']	Aperti fino alle 22:00	4.2	29 
https://deliveroo.it/menu/milano/medaglie-doro/kobe-2?day=today&geohash=u0nd8be8xnqv&time=ASAP	Kobe 2	Medaglie d'oro	Via Gaetana Agnesi, 6, Milano, 20135	['Cinese', 'Giapponese']	Aperti fino alle 22:00	4.2	50+ 
https://deliveroo.it/menu/milano/darsena/kobe-189?day=today&geohash=u0nd8be8xnqv&time=ASAP	Kobe 189	Darsena	Corso Porta Ticinese 60, Milano, 20123	['Cinese', 'Giapponese']	Aperti fino alle 22:30	4.2	50+ 
https://deliveroo.it/menu/milano/de-angeli-ravizza/piador?day=today&geohash=u0nd8be8xnqv&time=ASAP	Piad'Or	De Angeli - Ravizza	Via Ravizza 5, Milano, 20149	['Italiano', 'Sandwich']	Aperti fino alle 23:00	4.2	35 
https://deliveroo.it/menu/milano/colonne-di-san-lorenzo/ralphs?day=today&geohash=u0nd8be8xnqv&time=ASAP	Ralph's	Colonne di San Lorenzo	Corso di Porta Ticinese 32, Milano, 20123	['Italiano', 'Americano', 'Hamburger', 'Insalate']	Aperti fino alle 22:30	4.2	50+ 
https://deliveroo.it/menu/milano/via-verro/mcdonalds-milano-antonini?day=today&geohash=u0nd8be8xnqv&time=ASAP	McDonald's	Via Verro	Via Giacomo Antonini, 28, Milano, 20141	['Americano', 'Hamburger']	Aperti fino alle 23:30	4.1	50+ 
https://deliveroo.it/menu/milano/medaglie-doro/calanca-sigieri?day=today&geohash=u0nd8be8xnqv&time=ASAP	Calanca Sigieri - Ristorante di Pesce & Cucina Sarda	Medaglie d'oro	Via Goffredo Sigieri, 10, Milano, 20135	['Italiano', 'Frutti Di Mare', 'Pasta', 'Mediterraneo', 'Vino']	Aperti fino alle 23:00	4.1	36 
https://deliveroo.it/menu/milano/washington/don-gennaro?day=today&geohash=u0nd8be8xnqv&time=ASAP	Donna Angela	Washington	Via Paolo Giovio 30, Milano, 20144	['Pizza', 'Italiano']	Aperti fino alle 23:00	4.1	50+ 
https://deliveroo.it/menu/milano/tortona/il-panino-ignorante-gourmet?day=today&geohash=u0nd8be8xnqv&time=ASAP	Il Panino Ignorante Gourmet	Tortona	Via Vigevano 34, Milano, 20144	['Italiano', 'Sandwich', 'Hamburger']	Aperti fino alle 22:30	4.1	50+ 
https://deliveroo.it/menu/milano/ripamonti/tutta-nata-storia?day=today&geohash=u0nd8be8xnqv&time=ASAP	Tutta 'Nata Storia	Ripamonti	Via Giuseppe Meda 43, Milano, 20141	['Pizza', 'Italiano']	Aperti fino alle 22:45	4.1	50+ 
https://deliveroo.it/menu/milano/bocconi/toasteria-italiana-milano?day=today&geohash=u0nd8be8xnqv&time=ASAP	Toasteria italiana	Bocconi	Corso San Gottardo, 34, Milano, 20136	['Sandwich', 'Italiano']	Aperti fino alle 19:00	4.1	50+ 
https://deliveroo.it/menu/milano/bocconi/asahi-milano?day=today&geohash=u0nd8be8xnqv&time=ASAP	Asahi	Bocconi	Viale Tibaldi 1, Milano, 20123	['Sushi', 'Giapponese']	Aperti fino alle 22:30	4.1	50+ 
https://deliveroo.it/menu/milano/colonne-di-san-lorenzo/green-bowls-milano?day=today&geohash=u0nd8be8xnqv&time=ASAP	Green Bowls	Colonne di San Lorenzo	Via San Vito 26, Milano, 20123	['Italiano', 'Vegano', 'Vegetariano', 'Senza Glutine', 'Healthy']	Aperti fino alle 21:00	4.1	50+ 
https://deliveroo.it/menu/milano/de-angeli-ravizza/pizza-milano-milano?day=today&geohash=u0nd8be8xnqv&time=ASAP	Pizza Milano	De Angeli - Ravizza	Via Marghera 35, Milano, 20149	['Pizza', 'Italiano']	Aperti fino alle 23:00	4.1	50+ 
https://deliveroo.it/menu/milano/corso-lodi/nuovo-nitsui?day=today&geohash=u0nd8be8xnqv&time=ASAP	Ⓜ️Nuovo Mitsui	Corso Lodi	Viale Brenta 14, Milano, 20139	['Sushi', 'Cinese', 'Giapponese']	Aperti fino alle 22:45	4.1	50+ 
https://deliveroo.it/menu/milano/bocconi/mexican-poke-milano-viale-bligny?day=today&geohash=u0nd8be8xnqv&time=ASAP	Mexican Poke	Bocconi	Viale Bligny 36, Milano, 20136	['Burrito', 'Messicano', 'Insalate', 'Poke']	Aperti fino alle 23:45	4.1	50+ 
https://deliveroo.it/menu/milano/cinque-giornate/angus-and-more-m5g?day=today&geohash=u0nd8be8xnqv&time=ASAP	Angus & More	Cinque Giornate	Viale Monte Nero 57, Milano, 20135	['Hamburger', 'Italiano']	Aperti fino alle 23:00	4.1	50+ 
https://deliveroo.it/menu/milano/colonne-di-san-lorenzo/bo-bun-on-the-go-new?day=today&geohash=u0nd8be8xnqv&time=ASAP	Bo Bun on the go	Colonne di San Lorenzo	Corso di Porta Ticinese ang. via Urbano III, Milano, 20123	['Vietnamita', 'Asiatico', 'Bo Bun', 'Healthy']	Aperti fino alle 22:30	4.1	37 
https://deliveroo.it/menu/milano/ticinese/naturasi-porta-lodovica-bioessere-srl?day=today&geohash=u0nd8be8xnqv&time=ASAP	NaturaSì	Ticinese	Piazzale di Porta Lodovica, 3, Milano, 20136	['Italiano', 'Vegano', 'Vegetariano', 'Biologico', 'Healthy']	Aperti fino alle 19:00	4.1	43 
https://deliveroo.it/menu/milano/turati/xin-fu-ji-25?day=today&geohash=u0nd8be8xnqv&time=ASAP	Xin Fu Ji 25	Turati	Corso Monforte, 25, Milano, 20122	['Dim Sum', 'Cinese']	Aperti fino alle 22:30	4.1	21 
https://deliveroo.it/menu/milano/tortona/buona-forchetta?day=today&geohash=u0nd8be8xnqv&time=ASAP	Buona Forchetta	Tortona	Via Casale, 5, Milano, 20144	['Insalate', 'Italiano', 'Pasta', 'Pizza']	Aperti fino alle 23:59	4.1	50+ 
https://deliveroo.it/menu/milano/missori/shalimar-take-away?day=today&geohash=u0nd8be8xnqv&time=ASAP	Shalimar Take Away	Missori	Corso di Porta Romana 25, Milano, 20122	['Indiano', 'Halal']	Aperti fino alle 21:30	4.1	50+ 
https://deliveroo.it/menu/milano/inganni/hokkaido-biancospini?day=today&geohash=u0nd8be8xnqv&time=ASAP	Hokkaido sushi	Inganni	Via dei Biancospini, 5, Milano, 20146	['Sushi', 'Cinese', 'Giapponese']	Aperti fino alle 23:00	4.1	50+ 
https://deliveroo.it/menu/milano/via-ripamonti/gelateria-pozzi?day=today&geohash=u0nd8be8xnqv&time=ASAP	Gelateria Merelli	Via Ripamonti	Piazza Agrippa 4, Milano, 20141	['Italiano', 'Colazione', 'Gelato']	Aperti fino alle 21:00	4.1	16 
https://deliveroo.it/menu/milano/bocconi/sisili?day=today&geohash=u0nd8be8xnqv&time=ASAP	Sisili	Bocconi	Viale Bligny 60, Milano, 20136	['Italiano']	Aperti fino alle 23:00	4.1	50+ 
https://deliveroo.it/menu/milano/ticinese/fingers-food-colonne?day=today&geohash=u0nd8be8xnqv&time=ASAP	Long Bistrot Sushi	Ticinese	Corso Luigi Manusardi, 3, Milano, 20136	['Giapponese']	Aperti fino alle 23:59	4	50+ 
https://deliveroo.it/menu/milano/navigli/la-filetteria-italiana-ticinese?day=today&geohash=u0nd8be8xnqv&time=ASAP	La Filetteria Italiana	Navigli	Ripa di Porta Ticinese 107, Milano, 20143	['Bistecche', 'Italiano']	Aperti fino alle 23:30	4	50+ 
https://deliveroo.it/menu/milano/barona/carmen-2?day=today&geohash=u0nd8be8xnqv&time=ASAP	Carmen 2	Barona	Via Bonaventura Zumbini 46, Milano, 20143	['Pizza', 'Italiano', 'Senza Glutine']	Aperti fino alle 22:30	4	50+ 
https://deliveroo.it/menu/milano/corso-lodi/chicken-cottage-milano?day=today&geohash=u0nd8be8xnqv&time=ASAP	Selekt Chicken	Corso Lodi	Corso Lodi 90, Milano, 20139	['Italiano', 'Pollo', 'Hamburger']	Aperti fino alle 22:40	4	50+ 
https://deliveroo.it/menu/milano/porta-romana/burritos-way-piazza-ascoli?day=today&geohash=u0nd8be8xnqv&time=ASAP	Burritos Way	Porta Romana	Viale Bligny 43, Milano, 20136	['Messicano', 'Insalate', 'Tacos', 'Burrito']	Aperti fino alle 22:45	3.9	50 
https://deliveroo.it/menu/milano/santambrogio/panini-durini-corso-magenta?day=today&geohash=u0nd8be8xnqv&time=ASAP	Panini Durini	Sant'Ambrogio	Corso Magenta 31, Milano, 20123	['Italiano', 'Sandwich']	Aperti fino alle 20:30	3.9	36 
https://deliveroo.it/menu/milano/tortona/pomodori-e-basilico?day=today&geohash=u0nd8be8xnqv&time=ASAP	Pomodorini e basilico	Tortona	Via Savona, 75, Milano, 20144	['Pizza', 'Italiano']	Aperti fino alle 22:30	3.9	50+ 
https://deliveroo.it/menu/milano/giambellino/different-burger?day=today&geohash=u0nd8be8xnqv&time=ASAP	The Different Burger	Giambellino	Via Giambellino, 12, Milano, 20146	['Americano', 'Hamburger']	Aperti fino alle 23:59	3.9	50+ 
https://deliveroo.it/menu/milano/bocconi/montalbano-arancine-e-cannoli-milano?day=today&geohash=u0nd8be8xnqv&time=ASAP	Montalbano - Arancine e Cannoli	Bocconi	Corso S. Gottardo, 37, Milano, 20136	['Italiano']	Aperti fino alle 21:00	3.9	13 
https://deliveroo.it/menu/milano/barona/saray-turkish-kebap?day=today&geohash=u0nd8be8xnqv&time=ASAP	Saray Turkish Kebap	Barona	Piazza Guglielmo Miani, Milano, 20143	['Kebab', 'Turco', 'Pizza']	Aperti fino alle 23:59	3.9	50+ 
https://deliveroo.it/menu/milano/tortona/pub-e-birreria-by-eurojolly?day=today&geohash=u0nd8be8xnqv&time=ASAP	Pub e birreria by Eurojolly	Tortona	Corso Colombo 13, Milano, 20144	['Italiano', 'Sandwich', 'Alcol']	Aperti fino alle 23:59	3.9	26 
https://deliveroo.it/menu/milano/ripamonti/sanya-sushi-milano?day=today&geohash=u0nd8be8xnqv&time=ASAP	Sanya Sushi	Ripamonti	Viale Toscana 19, Milano, 20136	['Sushi', 'Giapponese', 'Pollo', 'Noodles', 'Vino']	Aperti fino alle 22:30	3.9	50+ 
https://deliveroo.it/menu/milano/bocconi/pizzeria-gennari-antonio-tantardini?day=today&geohash=u0nd8be8xnqv&time=ASAP	Pizzeria Gennari antonio tantardini	Bocconi	Via Antonio Tantardini 2, Milano, 20136	['Italiano', 'Pizza', 'Sandwich']	Aperti fino alle 22:30	3.9	47 
https://deliveroo.it/menu/milano/giambellino/pizzeria-mickey-mouse?day=today&geohash=u0nd8be8xnqv&time=ASAP	Pizzeria Mickey Mouse	Giambellino	Via Giambellino 71, Milano, 20146	['Pizza', 'Italiano', 'Insalate', 'Kebab']	Aperti fino alle 22:30	3.9	41 
https://deliveroo.it/menu/milano/ripamonti/pizzeria-peter-pan?day=today&geohash=u0nd8be8xnqv&time=ASAP	Pizzeria Peter Pan	Ripamonti	Via Bernardino Verro, 50, Milano, 20141	['Pizza', 'Italiano', 'Sandwich', 'Pasta', 'Kebab']	Aperti fino alle 23:59	3.8	50+ 
https://deliveroo.it/menu/milano/pagano/fratelli-la-bufala-cimarosa?day=today&geohash=u0nd8be8xnqv&time=ASAP	Fratelli La Bufala	Pagano	Via Domenico Cimarosa, 13, Milano, 20144	['Pizza', 'Italiano']	Aperti fino alle 23:00	3.8	50+ 
https://deliveroo.it/menu/milano/de-angeli-ravizza/tairyo?day=today&geohash=u0nd8be8xnqv&time=ASAP	Tairyo	De Angeli - Ravizza	Via Raffaello Sanzio, 10, 12, Milano, 20149	['Sushi', 'Giapponese', 'Cinese']	Aperti fino alle 23:00	3.8	27 
https://deliveroo.it/menu/milano/tortona/the-meatball-family-via-vigevano?day=today&geohash=u0nd8be8xnqv&time=ASAP	The Meatball Family	Tortona	Via Vigevano, 20, Milano, 20144	['Italiano', 'Pasta']	Aperti fino alle 22:00	3.8	10 
https://deliveroo.it/menu/milano/medaglie-doro/pizzeria-san-francesco-milano?day=today&geohash=u0nd8be8xnqv&time=ASAP	Pizzeria San Francesco	Medaglie d'oro	Viale Umbria 9, Milano, 20135	['Pizza', 'Italiano']	Aperti fino alle 23:30	3.8	50+ 
https://deliveroo.it/menu/milano/via-quaranta/5-sensi-burger-and-kitchen?day=today&geohash=u0nd8be8xnqv&time=ASAP	5 Sensi - Burger & Kitchen	Via Quaranta	Via Marco d'Agrate 23, Milano, 20139	['Italiano', 'Hamburger', 'Pasta']	Aperti fino alle 22:30	3.8	37 
https://deliveroo.it/menu/milano/medaglie-doro/pizzeria-umbria?day=today&geohash=u0nd8be8xnqv&time=ASAP	Pizzeria Umbria	Medaglie d'oro	Viale Umbria 11, Milano, 20135	['Pizza', 'Italiano', 'Kebab']	Aperti fino alle 23:59	3.8	38 
https://deliveroo.it/menu/milano/porta-romana/pret-a-poke-piazza-ascoli?day=today&geohash=u0nd8be8xnqv&time=ASAP	Pret a Poke	Porta Romana	Viale Bligny 43, Milano, 20136	['Hawaiano', 'Poke', 'Healthy']	Aperti fino alle 22:45	3.7	50+ 
https://deliveroo.it/menu/milano/bocconi/poke-flower?day=today&geohash=u0nd8be8xnqv&time=ASAP	POKE FLOWER - BOCCONI	Bocconi	Viale Bligny 37, Milano, 20139	['Poke', 'Hawaiano']	Aperti fino alle 22:15	3.7	29 
https://deliveroo.it/menu/milano/navigli/pizzeria-la-tradizionale?day=today&geohash=u0nd8be8xnqv&time=ASAP	Pizzeria La Tradizionale	Navigli	Ripa di Porta Ticinese, 7, Milano, 20144	['Italiano', 'Pizza']	Aperti fino alle 23:30	3.7	24 
https://deliveroo.it/menu/milano/barona/ristorante-pizzeria-il-faro-2?day=today&geohash=u0nd8be8xnqv&time=ASAP	Ristorante Pizzeria Il Faro 2	Barona	Via Ambrogio Binda 10, Milano, 20143	['Pizza', 'Italiano', 'Pasta', 'Vino']	Aperti fino alle 23:00	3.5	11 
https://deliveroo.it/menu/milano/medaglie-doro/ichikawa-milano?day=today&geohash=u0nd8be8xnqv&time=1830	Ichikawa	Medaglie d'oro	Lazzaro Papi 18,, Milano, 20135	['Sushi', 'Giapponese', 'Frutti Di Mare']	Apre a 18:00	4.8	50+ 
https://deliveroo.it/menu/milano/tortona/gelateria-latteneve?day=today&geohash=u0nd8be8xnqv&time=1245	Gelateria LatteNeve	Tortona	Via Vigevano 27, Milano, 20144	['Gelato', 'Italiano']	Aperti fino alle 22:45	4.7	50+ 
https://deliveroo.it/menu/milano/de-angeli-ravizza/giass-gelati?day=today&geohash=u0nd8be8xnqv&time=1245	Giass Gelati	De Angeli - Ravizza	Via Washington 60,, Milano, 20146	['Italiano', 'Gelato']	Apre a 11:00	4.7	26 
https://deliveroo.it/menu/milano/bocconi/bebel-milano-corso-san-gottardo?day=today&geohash=u0nd8be8xnqv&time=1245	Bebel Milano	Bocconi	Corso San Gottardo 37,, Milano, 20145	['Italiano', 'Piadina']	Apre a	4.7	11 
https://deliveroo.it/menu/milano/montenapoleone/emporio-armani-ristorante-and-caffe-milano?day=today&geohash=u0nd8be8xnqv&time=1300	Emporio Armani Ristorante & Caffè	Montenapoleone	Via dei Giardini 2, Milano, 20121	['Italiano', 'Frutti Di Mare', 'Dessert', 'Pasta']	Aperti fino alle 22:30	4.7	50+ 
https://deliveroo.it/menu/milano/ticinese/raviolo-milano?day=today&geohash=u0nd8be8xnqv&time=1245	Raviolo	Ticinese	Viale Col di Lana 1, Milano, 20136	['Italiano', 'Pasta']	Apre a 19:30	4.6	50+ 
https://deliveroo.it/menu/milano/porta-romana/milano-italy?day=today&geohash=u0nd8be8xnqv&time=1245	Jigas a casa	Porta Romana	Corso di Porta Vigentina 33, Milano, 20122	['Italiano', 'Sandwich', 'Hamburger', 'Pasta']	Apre a 18:00	4.6	14 
https://deliveroo.it/menu/milano/tortona/flower-burger-via-vigevano?day=today&geohash=u0nd8be8xnqv&time=1300	Flower Burger	Tortona	Via Tortona 12, Milano, 20144	['Americano', 'Hamburger', 'Vegano', 'Healthy']	Aperti fino alle 22:30	4.6	50+ 
https://deliveroo.it/menu/milano/darsena/da-giordano-il-bolognese?day=today&geohash=u0nd8be8xnqv&time=1300	Da Giordano Il Bolognese	Darsena	Corso Genova, 3, Angolo Via Torti, Milano, 20123	['Italiano', 'Pasta']	Aperti fino alle 22:59	4.6	50+ 
https://deliveroo.it/menu/milano/porta-romana/fratelli-torcinelli?day=today&geohash=u0nd8be8xnqv&time=1300	Fratelli Torcinelli	Porta Romana	Corso di Porta Vigentina, 38, Milano, 20122	['Italiano', 'Sandwich']	Aperti fino alle 21:30	4.6	50+ 
https://deliveroo.it/menu/milano/colonne-di-san-lorenzo/enrico-rizzi-milano-cesare-correnti?day=today&geohash=u0nd8be8xnqv&time=1300	Enrico Rizzi Milano	Colonne di San Lorenzo	Via Cesare Correnti 5,, Milano, 20123	['Dessert', 'Gelato']	Aperti fino alle 22:30	4.6	50+ 
https://deliveroo.it/menu/milano/ticinese/rivareno-gelato-col-di-lana?day=today&geohash=u0nd8be8xnqv&time=1315	Rivareno Gelato - Col di Lana	Ticinese	Viale Col di Lana, 8, Milano, 20136	['Italiano', 'Dessert', 'Gelato']	Aperti fino alle 23:00	4.6	50+ 
https://deliveroo.it/menu/milano/montenapoleone/nobu-milano?day=today&geohash=u0nd8be8xnqv&time=1315	Nobu Milano	Montenapoleone	Via Gastone Pisoni, 1, Milano, 20121	['Sushi', 'Giapponese', 'Asiatico Fusion']	Aperti fino alle 22:00	4.6	50+ 
https://deliveroo.it/menu/milano/ticinese/gelateria-km-0-navigli?day=today&geohash=u0nd8be8xnqv&time=1330	Gelateria Kmzero	Ticinese	Via Teuliè 2, Milano, 20136	['Italiano', 'Gelato']	Aperti fino alle 23:00	4.6	50+ 
https://deliveroo.it/menu/milano/darsena/gelateria-le-colonne?day=today&geohash=u0nd8be8xnqv&time=1345	GELATERIA LE COLONNE gelato e crepes	Darsena	Corso di Porta Ticinese 75, Milano, 20123	['Italiano', 'Dessert', 'Gelato', 'Crêpe']	Aperti fino alle 23:15	4.6	50+ 
https://deliveroo.it/menu/milano/de-angeli-ravizza/trapizzino-milano?day=today&geohash=u0nd8be8xnqv&time=1915	Trapizzino	De Angeli - Ravizza	Via Marghera 12, Milano, 20149	['Pizza', 'Italiano', 'Sandwich', 'Vino']	Apre a 18:30	4.6	50+ 
https://deliveroo.it/menu/milano/cinque-giornate/beirut-snc-di-keyrouz-saad-e-sarkis-issa?day=today&geohash=u0nd8be8xnqv&time=1915	BEIRUT	Cinque Giornate	Via Tito Livio, 1, Milano, 20137	['Libanese', 'Falafel']	Apre a 18:30	4.6	24 
https://deliveroo.it/menu/milano/ticinese/ristorante-cacio-e-pepe?day=today&geohash=u0nd8be8xnqv&time=1930	Ristorante Cacio e Pepe	Ticinese	Viale Gian Galeazzo, 3, Milano, 20136	['Italiano', 'Pasta']	Apre a 18:45	4.6	34 
https://deliveroo.it/menu/milano/missori/sushi-zen?day=today&geohash=u0nd8be8xnqv&time=1945	Sushi Zen	Missori	Via Maddalena 1, Milano, 20122	['Giapponese']	Apre a 19:15	4.6	50+ 
https://deliveroo.it/menu/milano/bocconi/bufalatte?day=today&geohash=u0nd8be8xnqv&time=1245	Bufalatte	Bocconi	Via Pavia 3, Milano, 20136	['Italiano']	Apre a	4.5	50+ 
https://deliveroo.it/menu/milano/gambara-bande-nere/il-nuovo-secolo?day=today&geohash=u0nd8be8xnqv&time=1300	Fusion Restaurant - Il Nuovo Secolo	Gambara - Bande Nere	Viale Ergisto Bezzi 86, Milano, 20146	['Sushi', 'Cinese', 'Giapponese']	Aperti fino alle 23:00	4.5	11 
https://deliveroo.it/menu/milano/magenta/cecco?day=today&geohash=u0nd8be8xnqv&time=1300	Cecco	Magenta	Vincenzo Monti 34,, Milano, 20143	['Pizza', 'Italiano', 'Bistecche', 'Vino']	Apre a 19:00	4.5	50+ 
https://deliveroo.it/menu/milano/giambellino/matty-per-il-gelato?day=today&geohash=u0nd8be8xnqv&time=1315	Matty per il Gelato	Giambellino	Via Lorenteggio, 43, Milano, 20146	['Italiano', 'Dessert', 'Gelato']	Aperti fino alle 22:00	4.5	50+ 
https://deliveroo.it/menu/milano/navigli/i-segreti-di-pulcinella?day=today&geohash=u0nd8be8xnqv&time=1900	I Segreti Di Pulcinella	Navigli	Via Carlo D'Adda 2, Milano, 20143	['Pizza', 'Italiano']	Apre a 18:30	4.5	50+ 
https://deliveroo.it/menu/milano/de-angeli-ravizza/baobab-organic-burger-sanzio?day=today&geohash=u0nd8be8xnqv&time=1915	Baobab Organic Burger	De Angeli - Ravizza	Via Raffaello Sanzio 4, Milano, 20149	['Americano', 'Hamburger']	Apre a 18:30	4.5	50+ 
https://deliveroo.it/menu/milano/de-angeli-ravizza/rustell?day=today&geohash=u0nd8be8xnqv&time=1930	Rustell	De Angeli - Ravizza	Via Buonarroti 21, Milano, 20149	['Italiano', 'Sandwich']	Apre a 19:00	4.5	50+ 
https://deliveroo.it/menu/milano/medaglie-doro/ristorante-shannara-3?day=today&geohash=u0nd8be8xnqv&time=1930	Ristorante Shannara 3	Medaglie d'oro	Via Vanucci 22,, Milano, 20135	['Italiano', 'Frutti Di Mare', 'Pasta']	Apre a 19:00	4.5	35 
https://deliveroo.it/menu/milano/medaglie-doro/la-cantina-di-don-juan?day=today&geohash=u0nd8be8xnqv&time=1930	Ristorante Argentino Don Juan	Medaglie d'oro	Via Altaguardia 2, Milano, 20135	['Argentino', 'Bistecche', 'Bevande', 'Alcol', 'Latinoamericano']	Apre a 19:00	4.5	50+ 
https://deliveroo.it/menu/milano/darsena/rugantino-via-fabbri?day=today&geohash=u0nd8be8xnqv&time=1945	Rugantino	Darsena	Corso di Porta Ticinese 38, Milano, 20123	['Italiano', 'Pasta']	Apre a 19:00	4.5	50+ 
https://deliveroo.it/menu/milano/guastalla/al-pizzetta?day=today&geohash=u0nd8be8xnqv&time=1945	Al Pizzetta	Guastalla	Viale Montenero 73, Milano, 20129	['Pizza', 'Italiano']	Apre a 19:00	4.5	50+ 
https://deliveroo.it/menu/milano/medaglie-doro/tiraboschi-6-chiacchiere-vino-and-cucina?day=today&geohash=u0nd8be8xnqv&time=1945	Tiraboschi 6 - Chiacchiere Vino & Cucina	Medaglie d'oro	Via Gerolamo Tiraboschi 6, Milano, 20135	['Healthy', 'Insalate', 'Hamburger', 'Italiano', 'Pasta', 'Vegetariano']	Apre a 19:00	4.5	24 
https://deliveroo.it/menu/milano/cinque-giornate/la-bracioleria-milano?day=today&geohash=u0nd8be8xnqv&time=1945	La Bracioleria	Cinque Giornate	Via Antonio Fogazzaro, 9, Milano, 20135	['Italiano', 'Pasta']	Apre a 19:00	4.5	14 
https://deliveroo.it/menu/milano/darsena/la-magolfa?day=today&geohash=u0nd8be8xnqv&time=1245	La Magolfa	Darsena	Piazza XXIV Maggio, 6,, Milano, 20123	['Pizza', 'Italiano', 'Pasta']	Aperti fino alle 23:00	4.4	29 
https://deliveroo.it/menu/milano/ripamonti/la-cappa?day=today&geohash=u0nd8be8xnqv&time=1245	Pizzeria La Cappa	Ripamonti	Via Ripamonti 150, Milano, 20141	['Pizza', 'Italiano']	Apre a 18:30	4.4	50+ 
https://deliveroo.it/menu/milano/porta-romana/don-juanito?day=today&geohash=u0nd8be8xnqv&time=1245	Don Juanito	Porta Romana	Corso di Porta Vigentina, 33/35, Milano, 20122	['Argentino', 'Spagnolo', 'Americano', 'Latinoamericano']	Apre a 18:00	4.4	50+ 
https://deliveroo.it/menu/milano/statale/vero-sapore-greco-milano?day=today&geohash=u0nd8be8xnqv&time=1245	Vero Sapore Greco	Statale	Via delle Ore, 2, Milano, 20121	['Greco', 'Hamburger', 'Frutti Di Mare', 'Vegetariano', 'Alcol']	Aperti fino alle 22:30	4.4	10 
https://deliveroo.it/menu/milano/tortona/banco?day=today&geohash=u0nd8be8xnqv&time=1245	Banco	Tortona	Via Alzaia Naviglio Grande 46, Milano, 20144	['Italiano', 'Sandwich', 'Alcol']	Apre a 18:00	4.4	50+ 
https://deliveroo.it/menu/milano/san-vittore/da-zero?day=today&geohash=u0nd8be8xnqv&time=1300	Da Zero	San Vittore	Via Edmondo De Amicis 45,, Milano, 20123	['Pizza', 'Italiano']	Aperti fino alle 23:00	4.4	50+ 
https://deliveroo.it/menu/milano/darsena/mascherpa?day=today&geohash=u0nd8be8xnqv&time=1300	Mascherpa tiramisù	Darsena	Via Edmondo De Amicis 7, Milano, 2012	['Italiano', 'Dessert', 'Vegano']	Aperti fino alle 22:00	4.4	50+ 
https://deliveroo.it/menu/milano/barona/osteria-del-sognatore?day=today&geohash=u0nd8be8xnqv&time=1300	Osteria Del Sognatore	Barona	Via Morimondo, 1, Milano, 20143	['Italiano', 'Colazione', 'Pasta', 'Frutti Di Mare']	Apre a 19:00	4.4	50+ 
https://deliveroo.it/menu/milano/washington/olivia-bistrot?day=today&geohash=u0nd8be8xnqv&time=1530	Olivia Gelato	Washington	Piazzale Aquileia 12, Milano, 20144	['Italiano', 'Gelato']	Apre a 15:00	4.4	50+ 
https://deliveroo.it/menu/milano/porta-romana/hats-off?day=today&geohash=u0nd8be8xnqv&time=1800	Hats off	Porta Romana	Via Orti, 16, Milano, 20122	['Americano', 'Hamburger', 'Colazione']	Apre a 17:30	4.4	50+ 
https://deliveroo.it/menu/milano/porta-romana/bbq-ribs-and-wings?day=today&geohash=u0nd8be8xnqv&time=1815	⚡ BBQ Ribs & Wings ⚡	Porta Romana	Via Orti, 16, Milano, 20122	['Americano', 'Barbecue', 'Tacos', 'Ali Di Pollo']	Apre a 17:30	4.4	50+ 
https://deliveroo.it/menu/milano/tortona/duomi-ristorante-cinese?day=today&geohash=u0nd8be8xnqv&time=1830	Duomi - Ristorante Cinese	Tortona	Via Vigevano, 33, Milano, 20144	['Cinese', 'Dim Sum']	Apre a 18:00	4.4	50+ 
https://deliveroo.it/menu/milano/barona/woodstock?day=today&geohash=u0nd8be8xnqv&time=1830	Woodstock	Barona	Via Lodovico il Moro 3, Milano, 20143	['Pizza', 'Italiano']	Apre a 18:00	4.4	50+ 
https://deliveroo.it/menu/milano/darsena/this-is-not-a-sushibar-conca?day=today&geohash=u0nd8be8xnqv&time=1845	This is not a sushibar - Conca	Darsena	Via Conca del Naviglio, 5, Milano, 20123	['Sushi', 'Giapponese']	Apre a 18:15	4.4	50+ 
https://deliveroo.it/menu/milano/bocconi/mexicali-viale-bligny-7?day=today&geohash=u0nd8be8xnqv&time=1900	Mexicali	Bocconi	Viale Bligny 7, Milano, 20136	['Burrito', 'Messicano', 'Insalate', 'Tacos', 'Vino']	Apre a 18:30	4.4	50+ 
https://deliveroo.it/menu/milano/ticinese/osteria-ovino?day=today&geohash=u0nd8be8xnqv&time=1915	Osteria Ovino	Ticinese	Viale Col di Lana 6, Milano, 20136	['Italiano', 'Bistecche', 'Sandwich', 'Insalate']	Apre a 18:45	4.4	21 
https://deliveroo.it/menu/milano/tortona/dou-asian-passion?day=today&geohash=u0nd8be8xnqv&time=1930	Dou Asian Passion	Tortona	Piazza Napoli 25, Milano, 20146	['Giapponese', 'Asiatico']	Apre a 18:45	4.4	50+ 
https://deliveroo.it/menu/milano/barona/moya?day=today&geohash=u0nd8be8xnqv&time=2000	Moya	Barona	Via Lodovico il Moro 11, Milano, 20143	['Sushi', 'Giapponese']	Apre a 19:30	4.4	50+ 
https://deliveroo.it/menu/milano/ticinese/bebop?day=today&geohash=u0nd8be8xnqv&time=2015	Be Bop	Ticinese	Viale Col di Lana, 4, Milano, 20136	['Pizza', 'Italiano', 'Senza Glutine']	Apre a 19:30	4.4	50+ 
https://deliveroo.it/menu/milano/tortona/perla-doro?day=today&geohash=u0nd8be8xnqv&time=1245	Perla d'oro	Tortona	Via Vigevano 13, Milano, 20144	['Sushi', 'Giapponese']	Apre a 18:00	4.3	50+ 
https://deliveroo.it/menu/milano/san-vittore/acero?day=today&geohash=u0nd8be8xnqv&time=1300	Acero	San Vittore	Viale Papiniano 57, Milano, 20123	['Sushi', 'Cinese', 'Giapponese']	Aperti fino alle 22:30	4.3	50+ 
https://deliveroo.it/menu/milano/tortona/tagliabrodo?day=today&geohash=u0nd8be8xnqv&time=1300	Tagliabrodo	Tortona	Via Andrea Solari 30, Milano, 20144	['Italiano', 'Healthy', 'Pasta']	Apre a 19:30	4.3	50+ 
https://deliveroo.it/menu/milano/navigli/much-more-milano?day=today&geohash=u0nd8be8xnqv&time=1300	Much more	Navigli	Via Carlo Torre, 45, Milano, 20143	['Italiano', 'Hamburger', 'Piadina']	Apre a	4.3	37 
https://deliveroo.it/menu/milano/navigli/movida-milano?day=today&geohash=u0nd8be8xnqv&time=1630	MOVIDA - Milano	Navigli	Via Ascanio Sforza 41, Milano, 20136	['Italiano', 'Pasta']	Apre a 16:00	4.3	50+ 
https://deliveroo.it/menu/milano/porta-romana/burrito-loco-milano?day=today&geohash=u0nd8be8xnqv&time=1815	⚡ Burrito Loco ⚡	Porta Romana	Via Orti 16, Milano, 20122	['Burrito', 'Messicano', 'Tacos']	Apre a 17:30	4.3	50+ 
https://deliveroo.it/menu/milano/ticinese/kobe-5?day=today&geohash=u0nd8be8xnqv&time=1830	Kobe 5	Ticinese	Piazzale di Porta Lodovica 5, Milano, 20136	['Cinese', 'Giapponese']	Apre a 18:00	4.3	50+ 
https://deliveroo.it/menu/milano/medaglie-doro/madison-milano?day=today&geohash=u0nd8be8xnqv&time=1830	Madison Milano	Medaglie d'oro	Viale Sabotino 12, Milano, 20135	['Americano', 'Sandwich', 'Hamburger', 'Brunch']	Apre a 18:00	4.3	50+ 
https://deliveroo.it/menu/milano/medaglie-doro/donna-burgherita?day=today&geohash=u0nd8be8xnqv&time=1830	Donna Burgherita	Medaglie d'oro	Viale Montenero, 3, Angolo Via Sassoferrato, Milano, 20135	['Americano']	Apre a 18:00	4.3	16 
https://deliveroo.it/menu/milano/medaglie-doro/a-pazziella?day=today&geohash=u0nd8be8xnqv&time=1900	'A Pazziella	Medaglie d'oro	Via Palladio 4/6, Milano, 20135	['Italiano', 'Pasta', 'Bistecche']	Apre a 18:30	4.3	50+ 
https://deliveroo.it/menu/milano/tortona/anima-e-cozze?day=today&geohash=u0nd8be8xnqv&time=1915	Capuano	Tortona	Via Orseolo 1, Milano, 20144	['Pizza', 'Italiano']	Apre a 18:30	4.3	50+ 
https://deliveroo.it/menu/milano/porta-romana/i-monelli?day=today&geohash=u0nd8be8xnqv&time=1945	I monelli	Porta Romana	Corso di Porta Romana 129, Milano, 20122	['Pizza', 'Italiano']	Apre a 19:00	4.3	50+ 
https://deliveroo.it/menu/milano/medaglie-doro/citta-del-drago?day=today&geohash=u0nd8be8xnqv&time=2000	Città Del Drago	Medaglie d'oro	Viale Sabotino 14, Milano, 20135	['Cinese']	Apre a 19:00	4.3	50+ 
https://deliveroo.it/menu/milano/tortona/pasta-e-coccole?day=today&geohash=u0nd8be8xnqv&time=1245	Mare in pasta	Tortona	Via Giuseppe Codara 1, Milano, 20144	['Italiano', 'Frutti Di Mare']	Apre a 18:15	4.2	14 
https://deliveroo.it/menu/milano/washington/ristorante-pizzeria-santambrogio?day=today&geohash=u0nd8be8xnqv&time=1245	Ristorante Pizzeria Sant'Ambrogio	Washington	Via Vincenzo Foppa 8, Milano, 20144	['Pizza', 'Italiano', 'Vino']	Apre a 19:00	4.2	50+ 
https://deliveroo.it/menu/milano/navigli/imy-navigli-sas?day=today&geohash=u0nd8be8xnqv&time=1300	IMY	Navigli	Via Filippo Argelati 1,, Milano, 20143	['Sushi', 'Giapponese', 'Dim Sum', 'Ravioli Cinesi', 'Noodles']	Aperti fino alle 23:00	4.2	50+ 
https://deliveroo.it/menu/milano/magenta/casa-del-pane?day=today&geohash=u0nd8be8xnqv&time=1300	Casa del Pane	Magenta	Via Vincenzo Monti, 56, Milano, 20123	['Italiano', 'Pasta', 'Healthy']	Apre a	4.2	47 
https://deliveroo.it/menu/milano/porta-romana/pizza-am?day=today&geohash=u0nd8be8xnqv&time=1315	Pizza AM	Porta Romana	Corso di Porta Romana, 83, Milano, 20122	['Pizza', 'Italiano']	Aperti fino alle 22:30	4.2	50+ 
https://deliveroo.it/menu/milano/porta-romana/hats-off-srl?day=today&geohash=u0nd8be8xnqv&time=1815	Chick Me Out	Porta Romana	Via Orti 16,, Milano, 20122	['Americano', 'Pollo', 'Pollo Fritto', 'Alla Griglia']	Apre a 17:30	4.2	50+ 
https://deliveroo.it/menu/milano/navigli/fabbrica-pizzeria-con-cucina?day=today&geohash=u0nd8be8xnqv&time=1900	Fabbrica - Pizzeria	Navigli	Alzaia Naviglio Grande 70, Milano, 20144	['Pizza', 'Italiano']	Apre a 18:30	4.2	50+ 
https://deliveroo.it/menu/milano/navigli/sushi-san?day=today&geohash=u0nd8be8xnqv&time=1915	Sushi San	Navigli	Via A. Sforza 17, Milano, 20136	['Sushi', 'Giapponese']	Apre a 18:30	4.2	50+ 
https://deliveroo.it/menu/milano/porta-monforte/street-burger-italian-gourment-sottocorno?day=today&geohash=u0nd8be8xnqv&time=1915	T'Amo Burger	Porta Monforte	Via Corridoni 10, Milano, 20122	['Italiano', 'Hamburger']	Apre a 18:30	4.2	50+ 
https://deliveroo.it/menu/milano/tortona/streat-meating-station?day=today&geohash=u0nd8be8xnqv&time=1930	Streat - Food & Beers Experience	Tortona	Via California 22, Milano, 20144	['Americano', 'Hamburger']	Apre a 18:45	4.2	50+ 
https://deliveroo.it/menu/milano/porta-monforte/taverna-del-verziere?day=today&geohash=u0nd8be8xnqv&time=1930	Taverna Visconti - Antica trattoria dal 1994	Porta Monforte	Via Corridoni 10, Milano, 20122	['Italiano', 'Pasta', 'Vino']	Apre a 18:30	4.2	50+ 
https://deliveroo.it/menu/milano/barona/ai-tre-ghiottoni?day=today&geohash=u0nd8be8xnqv&time=1930	Ai tre ghiottoni	Barona	Via F. Tosi 2, Milano, 20143	['Pizza', 'Italiano']	Apre a 19:00	4.2	50+ 
https://deliveroo.it/menu/milano/navigli/inkanto-cucina-peruviana?day=today&geohash=u0nd8be8xnqv&time=2000	Inkanto	Navigli	Via Emilio Gola 4, Milano, 20143	['Peruviano', 'Spagnolo']	Apre a 19:00	4.2	50+ 
https://deliveroo.it/menu/milano/barona/trattoria-caprese-cassala?day=today&geohash=u0nd8be8xnqv&time=1245	Trattoria Caprese	Barona	Viale Cassala 59, Milano, 20143	['Italiano', 'Pizza', 'Pasta']	Apre a 19:00	4.1	50+ 
https://deliveroo.it/menu/milano/san-vittore/boves-milano-via-cesare-da-sesto-1?day=today&geohash=u0nd8be8xnqv&time=1245	Dry Aged	San Vittore	Via Cesare da Sesto, 1, Milano, 20123	['Italiano', 'Hamburger']	Apre a 19:00	4.1	50+ 
https://deliveroo.it/menu/milano/statale/trafilata?day=today&geohash=u0nd8be8xnqv&time=1300	Trafilata	Statale	Via Santa Tecla 4, Milano, 20122	['Italiano', 'Pasta']	Apre a	4.1	50+ 
https://deliveroo.it/menu/milano/tortona/gustavo?day=today&geohash=u0nd8be8xnqv&time=1300	Gustavo	Tortona	Via Solari 26, Milano, 20144	['Hamburger', 'Sandwich', 'Insalate', 'Vegetariano']	Apre a 12:00	4.1	50+ 
https://deliveroo.it/menu/milano/tortona/ristorante-pizzeria-il-pomodorino?day=today&geohash=u0nd8be8xnqv&time=1315	Ristorante Pizzeria Il Pomodorino	Tortona	Via Andrea Solari 39, Milano, 20144	['Pizza', 'Italiano', 'Insalate', 'Pasta', 'Vino']	Aperti fino alle 23:45	4.1	50+ 
https://deliveroo.it/menu/milano/porta-romana/coedo-osteria-giapponese?day=today&geohash=u0nd8be8xnqv&time=1315	Coedo Osteria Giapponese	Porta Romana	Corso di Porta Romana 107, Milano, 20122	['Giapponese', 'Noodles']	Aperti fino alle 22:00	4.1	33 
https://deliveroo.it/menu/milano/bocconi/take-ue?day=today&geohash=u0nd8be8xnqv&time=1900	Pizzeria Napulegna	Bocconi	Viale Bligny 16, Milano, 20136	['Pizza', 'Italiano']	Apre a 18:30	4.1	50+ 
https://deliveroo.it/menu/milano/missori/onigireria-by-basara?day=today&geohash=u0nd8be8xnqv&time=1900	ONIGIRERIA by Basara	Missori	Corso Italia 6, Milano, 20122	['Sushi', 'Giapponese']	Apre a 18:30	4.1	50+ 
https://deliveroo.it/menu/milano/porta-monforte/taverna-visconti-trattoria-di-mare-e-pizzeria-partenopea?day=today&geohash=u0nd8be8xnqv&time=1915	Taverna Visconti Pizzeria Partenopea	Porta Monforte	Via Corridoni 10, Milano, 20122	['Pizza', 'Italiano']	Apre a 18:30	4.1	21 
https://deliveroo.it/menu/milano/porta-monforte/tamo-pasta?day=today&geohash=u0nd8be8xnqv&time=1915	T'Amo Pasta	Porta Monforte	Via Corridoni 10, Milano, 20122	['Italiano', 'Pasta']	Apre a 18:30	4.1	50+ 
https://deliveroo.it/menu/milano/porta-romana/gennaro-esposito-milano?day=today&geohash=u0nd8be8xnqv&time=1930	Gennaro Esposito Milano	Porta Romana	Via della Commenda 43, Milano, 20122	['Pizza', 'Italiano']	Apre a 19:00	4.1	50+ 
https://deliveroo.it/menu/milano/washington/basara-sushi-pasticceria-via-washington?day=today&geohash=u0nd8be8xnqv&time=2015	Basara - sushi pasticceria	Washington	Via Washington, 70, Milano, 20146	['Sushi', 'Giapponese']	Apre a 19:30	4.1	18 
https://deliveroo.it/menu/milano/colonne-di-san-lorenzo/by-caputo-alle-colonne-pizzeria?day=today&geohash=u0nd8be8xnqv&time=1245	Pizzeria Alle Colonne	Colonne di San Lorenzo	Corso di Porta Ticinese 16, Milano, 20123	['Pizza', 'Italiano']	Apre a 18:30	4	50+ 
https://deliveroo.it/menu/milano/guastalla/nietta?day=today&geohash=u0nd8be8xnqv&time=1845	Nietta	Guastalla	Via Carlo Freguglia, 2, Milano, 20122	['Italiano', 'Pizza']	Apre a 18:00	4	50+ 
https://deliveroo.it/menu/milano/darsena/this-is-not-a-poke?day=today&geohash=u0nd8be8xnqv&time=1915	This is not a Poke	Darsena	Via Conca del Naviglio, 5, Milano, 20123	['Hawaiano', 'Poke', 'Healthy']	Apre a 18:15	4	50+ 
https://deliveroo.it/menu/milano/ripamonti/il-padellino?day=today&geohash=u0nd8be8xnqv&time=1930	Il Padellino	Ripamonti	Via Bordighera 11, Milano, 20142	['Pizza', 'Italiano']	Apre a 19:00	4	50+ 
https://deliveroo.it/menu/milano/medaglie-doro/muud-creative-sushi?day=today&geohash=u0nd8be8xnqv&time=1930	Muud Creative Sushi	Medaglie d'oro	Via Adige 8, Milano, 20125	['Sushi', 'Giapponese']	Apre a 19:00	4	41 
https://deliveroo.it/menu/milano/calvarate/regina-catari-pizzeria-e-friggitoria-napoletana?day=today&geohash=u0nd8be8xnqv&time=2000	Regina Catarì - Pizzeria e Friggitoria Napoletana	Calvarate	Via Giovanni Cadolini 13, Milano, 20137	['Pizza', 'Italiano']	Apre a 19:00	4	50+ 
https://deliveroo.it/menu/milano/barona/tutti-gusti?day=today&geohash=u0nd8be8xnqv&time=1245	Tutti I Gusti	Barona	Via Zumbini 36, Milano, 20143	['Pizza', 'Italiano']	Aperti fino alle 23:00	3.9	50+ 
https://deliveroo.it/menu/milano/washington/mappamondoroyal?day=today&geohash=u0nd8be8xnqv&time=1300	Mappamondo Royal	Washington	Viale Coni Zugna, 9, Milano, 20144	['Italiano', 'Pasta', 'Pizza']	Aperti fino alle 23:50	3.9	23 
https://deliveroo.it/menu/milano/washington/le-tre-stelle?day=today&geohash=u0nd8be8xnqv&time=1300	Le Tre Stelle	Washington	Via Giorgio Washington, 82, Milano, 20146	['Pizza', 'Italiano']	Apre a 18:30	3.9	31 
https://deliveroo.it/menu/milano/navigli/maya-restaurant?day=today&geohash=u0nd8be8xnqv&time=1715	Maya Restaurant	Navigli	Via Ascanio Sforza 41, Milano, 20136	['Messicano', 'Insalate', 'Tacos']	Apre a 17:00	3.9	50+ 
https://deliveroo.it/menu/milano/ripamonti/pitz-pizzeria-italiana?day=today&geohash=u0nd8be8xnqv&time=1930	Pizzicotto Pizzeria Italiana	Ripamonti	Via Meda, 43, Milano, 20141	['Pizza', 'Italiano']	Apre a 19:00	3.9	50+ 
https://deliveroo.it/menu/milano/guastalla/my-heart-2?day=today&geohash=u0nd8be8xnqv&time=1300	My Heart 2	Guastalla	Via Pace 23, Milano, 20122	['Pizza', 'Egiziano', 'Kebab']	Aperti fino alle 23:30	3.8	35 
https://deliveroo.it/menu/milano/navigli/maeve-bakery?day=today&geohash=u0nd8be8xnqv&time=1245	Maeve Bakery	Navigli	Via Elia Lombardini, 4, Milano, 20143	['Dessert', 'Italiano']	Apre a 09:00	3.7	11 
https://deliveroo.it/menu/milano/navigli/burgerama?day=today&geohash=u0nd8be8xnqv&time=1945	Burgerama	Navigli	Alzaia Naviglio Pavese 8, Milano, 20143	['Americano', 'Hamburger']	Apre a 19:00	3.7	50+ 
https://deliveroo.it/menu/milano/tortona/sveg-tortona?day=today&geohash=u0nd8be8xnqv&time=1930	Alley Burger	Tortona	Via California 22, Milano, 20146	['Americano', 'Hamburger']	Apre a 18:45	3.6	50+ 
